ID,Nombre,Edad,Genero,Pais
0,Alexis,57,Femenino,Yemen
1,Emily,36,Masculino,Estonia
2,Jessica,59,Femenino,Saint Pierre and Miquelon
3,Jake,38,Femenino,South Georgia and the South Sandwich Islands
4,Angela,52,Masculino,Saint Barthelemy
5,Jane,20,Femenino,Indonesia
6,James,46,Masculino,Yemen
7,Christopher,66,Masculino,Senegal
8,Deanna,58,Femenino,Netherlands
9,Eric,24,Masculino,Bolivia
10,Alec,61,Femenino,Botswana
11,Aaron,42,Masculino,Slovakia (Slovak Republic)
12,Cassandra,22,Femenino,Lao People's Democratic Republic
13,Keith,61,Femenino,Niger
14,Jessica,37,Masculino,Svalbard & Jan Mayen Islands
15,Robert,62,Masculino,Congo
16,James,41,Femenino,Liechtenstein
17,Desiree,31,Masculino,Russian Federation
18,Isaiah,43,Femenino,Falkland Islands (Malvinas)
19,Jason,57,Femenino,Germany
20,Bridget,43,Femenino,Spain
21,Melissa,25,Masculino,Hong Kong
22,Matthew,24,Femenino,Chad
23,John,23,Femenino,El Salvador
24,Karen,66,Masculino,Kuwait
25,Allison,36,Femenino,Norway
26,April,29,Femenino,Macao
27,Laura,26,Femenino,Malawi
28,William,39,Masculino,Reunion
29,Laura,66,Masculino,Malawi
30,Scott,26,Femenino,Puerto Rico
31,Evan,59,Femenino,United Arab Emirates
32,Bruce,45,Femenino,Togo
33,Matthew,61,Masculino,Lesotho
34,John,26,Masculino,Saint Kitts and Nevis
35,Michael,21,Femenino,Bouvet Island (Bouvetoya)
36,Seth,60,Masculino,Panama
37,Carmen,56,Femenino,Moldova
38,Julie,37,Masculino,Barbados
39,Maria,34,Masculino,Cocos (Keeling) Islands
40,Paul,69,Masculino,Jamaica
41,Aaron,52,Masculino,Luxembourg
42,Austin,27,Masculino,Bosnia and Herzegovina
43,Eric,31,Femenino,Cyprus
44,Jennifer,41,Femenino,Kenya
45,Christopher,61,Femenino,Serbia
46,Jessica,42,Masculino,Falkland Islands (Malvinas)
47,Susan,37,Femenino,Macao
48,Sharon,42,Masculino,Israel
49,Vanessa,39,Masculino,Namibia
50,Sean,22,Masculino,Iran
51,Darrell,28,Masculino,Sri Lanka
52,Sheri,52,Masculino,Switzerland
53,Alexander,33,Femenino,Mozambique
54,Joshua,46,Masculino,Colombia
55,Robert,31,Masculino,Czech Republic
56,Amy,68,Femenino,Spain
57,Melissa,42,Masculino,Malta
58,Mary,53,Femenino,Austria
59,Kelly,44,Femenino,Bermuda
60,Anthony,26,Femenino,Grenada
61,Monica,46,Femenino,Guam
62,Alyssa,63,Masculino,Estonia
63,Karen,60,Femenino,Tunisia
64,Theresa,45,Femenino,Trinidad and Tobago
65,Patricia,70,Femenino,Guyana
66,Elizabeth,51,Masculino,Ukraine
67,Traci,69,Femenino,Cape Verde
68,Ronald,62,Masculino,Mongolia
69,Jillian,40,Femenino,Bermuda
70,Christine,38,Femenino,Liberia
71,Daniel,29,Masculino,Nauru
72,Alexa,38,Femenino,Colombia
73,Traci,62,Masculino,Indonesia
74,Matthew,58,Masculino,Suriname
75,Nathan,44,Femenino,Bolivia
76,Jimmy,24,Femenino,Mauritania
77,Michael,26,Femenino,Saint Kitts and Nevis
78,Richard,51,Femenino,Moldova
79,Darrell,57,Femenino,Guatemala
80,Whitney,62,Masculino,Mauritania
81,Joshua,29,Masculino,Mauritius
82,Paul,32,Masculino,Guatemala
83,Brady,33,Masculino,Antigua and Barbuda
84,Carolyn,19,Femenino,United States of America
85,Corey,55,Femenino,China
86,Daniel,45,Femenino,Equatorial Guinea
87,Tamara,66,Masculino,Guadeloupe
88,Patricia,50,Masculino,Philippines
89,Kathleen,24,Femenino,Heard Island and McDonald Islands
90,Allison,49,Masculino,Israel
91,Craig,61,Femenino,Greece
92,Kelsey,45,Femenino,United Arab Emirates
93,Eric,53,Masculino,Lao People's Democratic Republic
94,Sarah,52,Femenino,Cameroon
95,Melissa,36,Femenino,Monaco
96,Barbara,53,Masculino,Central African Republic
97,Christian,19,Femenino,Qatar
98,Janet,25,Femenino,Sierra Leone
99,Sherry,31,Femenino,Cambodia
100,Charles,52,Masculino,Tokelau
101,Sara,57,Femenino,Portugal
102,Rita,65,Masculino,Micronesia
103,Jason,56,Femenino,South Georgia and the South Sandwich Islands
104,Daniel,46,Femenino,Angola
105,Megan,42,Masculino,Guam
106,James,28,Masculino,Estonia
107,Justin,23,Masculino,Central African Republic
108,Courtney,37,Masculino,Puerto Rico
109,Anthony,24,Masculino,Ecuador
110,Courtney,23,Masculino,Saint Vincent and the Grenadines
111,Robert,62,Femenino,Suriname
112,Kyle,38,Masculino,Philippines
113,Jean,68,Masculino,Liechtenstein
114,Madison,40,Femenino,Chad
115,Eric,66,Femenino,Grenada
116,Vanessa,61,Masculino,Ethiopia
117,Martin,38,Femenino,Switzerland
118,Karen,36,Femenino,Papua New Guinea
119,David,19,Femenino,Cayman Islands
120,Dylan,65,Femenino,Haiti
121,Mark,27,Femenino,Saint Pierre and Miquelon
122,Joel,24,Femenino,Kiribati
123,Michael,65,Masculino,Mauritius
124,Brendan,46,Femenino,Macao
125,Christine,19,Masculino,Liberia
126,Elizabeth,27,Masculino,Holy See (Vatican City State)
127,Hannah,34,Femenino,Serbia
128,Shirley,59,Masculino,Sudan
129,Justin,31,Masculino,Ghana
130,Michelle,46,Femenino,Belgium
131,Joshua,40,Femenino,Estonia
132,Stephanie,70,Masculino,Svalbard & Jan Mayen Islands
133,Dawn,56,Femenino,Bangladesh
134,Erika,62,Femenino,Bangladesh
135,Veronica,54,Femenino,Iran
136,David,39,Masculino,Kuwait
137,Hannah,27,Masculino,Monaco
138,Robert,31,Femenino,Benin
139,Ashley,68,Femenino,France
140,Phillip,21,Femenino,Luxembourg
141,Keith,22,Masculino,Lao People's Democratic Republic
142,Barry,21,Femenino,Puerto Rico
143,Kimberly,33,Masculino,Norfolk Island
144,Ashley,33,Femenino,Colombia
145,Micheal,40,Masculino,Honduras
146,Benjamin,33,Masculino,Namibia
147,Melissa,62,Femenino,Svalbard & Jan Mayen Islands
148,Brendan,58,Femenino,Reunion
149,Phillip,38,Masculino,Colombia
150,Mariah,38,Femenino,Liberia
151,Michael,36,Femenino,Mali
152,Johnny,70,Masculino,Marshall Islands
153,Bradley,61,Masculino,Oman
154,Brittany,53,Masculino,Holy See (Vatican City State)
155,Terry,23,Masculino,Solomon Islands
156,Amber,58,Femenino,Paraguay
157,Duane,44,Masculino,Samoa
158,Anthony,38,Femenino,Slovakia (Slovak Republic)
159,David,22,Femenino,Faroe Islands
160,Christopher,53,Masculino,Czech Republic
161,Joseph,56,Femenino,Andorra
162,Manuel,49,Femenino,Togo
163,Tracy,39,Masculino,Jamaica
164,Linda,26,Femenino,North Macedonia
165,Destiny,34,Masculino,Congo
166,Ronnie,36,Masculino,Cayman Islands
167,Lance,42,Femenino,Maldives
168,Benjamin,19,Femenino,Bahrain
169,Troy,40,Femenino,Lao People's Democratic Republic
170,Scott,31,Femenino,France
171,Lisa,63,Masculino,Samoa
172,Sharon,30,Masculino,Belarus
173,Carly,67,Femenino,United Arab Emirates
174,John,44,Femenino,Saint Vincent and the Grenadines
175,Ashley,58,Femenino,Iceland
176,Tina,46,Masculino,Nepal
177,Michael,25,Masculino,Saint Kitts and Nevis
178,April,57,Masculino,Mexico
179,Robert,68,Masculino,Mayotte
180,Michael,38,Masculino,Jordan
181,Jason,23,Femenino,Benin
182,Kelli,38,Femenino,Northern Mariana Islands
183,Julie,21,Masculino,Central African Republic
184,Tammy,21,Femenino,China
185,Mary,49,Masculino,Sao Tome and Principe
186,David,24,Femenino,Portugal
187,Kendra,60,Masculino,Tanzania
188,Christopher,32,Masculino,Suriname
189,Blake,21,Masculino,Christmas Island
190,Darrell,40,Femenino,Wallis and Futuna
191,Amanda,24,Masculino,Congo
192,Margaret,59,Femenino,Egypt
193,Elizabeth,38,Femenino,Saint Pierre and Miquelon
194,Wesley,40,Masculino,Botswana
195,Leslie,41,Masculino,Brunei Darussalam
196,Deborah,56,Masculino,United States Virgin Islands
197,Christine,47,Femenino,San Marino
198,Amy,20,Femenino,Saint Martin
199,Mark,33,Femenino,Portugal
200,Cindy,65,Masculino,Ethiopia
201,Traci,61,Masculino,Slovenia
202,Elizabeth,24,Femenino,Congo
203,Amy,29,Masculino,South Georgia and the South Sandwich Islands
204,Rebecca,54,Femenino,Grenada
205,Joseph,21,Masculino,San Marino
206,Kevin,27,Femenino,United States Virgin Islands
207,Laura,69,Masculino,Mozambique
208,Thomas,43,Femenino,Kazakhstan
209,Jonathan,61,Masculino,Cote d'Ivoire
210,Jasmine,26,Masculino,Moldova
211,Brandi,65,Masculino,Finland
212,Nicholas,47,Femenino,Guinea
213,Matthew,56,Femenino,Tunisia
214,Jennifer,70,Masculino,British Virgin Islands
215,Robert,53,Femenino,United States Minor Outlying Islands
216,Robert,62,Masculino,Maldives
217,Ashlee,53,Masculino,Australia
218,Grace,65,Masculino,Bahamas
219,Eric,50,Femenino,Canada
220,Sean,23,Masculino,Gibraltar
221,Sarah,22,Masculino,Cape Verde
222,Michael,55,Masculino,Sierra Leone
223,Kenneth,44,Femenino,New Zealand
224,John,69,Masculino,Nicaragua
225,Travis,44,Masculino,Myanmar
226,Dennis,25,Masculino,Swaziland
227,Angela,22,Femenino,Brazil
228,Michele,46,Femenino,Djibouti
229,Chad,63,Masculino,Pitcairn Islands
230,Trevor,29,Masculino,Japan
231,Edward,20,Masculino,Saint Vincent and the Grenadines
232,Robert,68,Masculino,Honduras
233,Brian,20,Masculino,Cote d'Ivoire
234,Andrea,56,Masculino,Sao Tome and Principe
235,Jennifer,55,Femenino,Australia
236,Karen,61,Masculino,Seychelles
237,Henry,24,Masculino,Liechtenstein
238,Douglas,70,Masculino,French Guiana
239,Michael,27,Femenino,Tajikistan
240,Cathy,26,Masculino,Saint Helena
241,Jennifer,30,Masculino,Ukraine
242,Judith,43,Masculino,Colombia
243,Robert,48,Femenino,Nicaragua
244,Brooke,63,Femenino,Palau
245,Chris,30,Masculino,Greece
246,Amy,38,Femenino,Lao People's Democratic Republic
247,Kristina,54,Masculino,Saint Vincent and the Grenadines
248,Charles,64,Femenino,Cote d'Ivoire
249,Dale,43,Femenino,Mongolia
250,Keith,42,Masculino,British Virgin Islands
251,Stephanie,51,Femenino,Guyana
252,Kevin,36,Femenino,China
253,Erika,69,Femenino,South Georgia and the South Sandwich Islands
254,Taylor,59,Masculino,Latvia
255,Jessica,57,Masculino,Cameroon
256,Alexander,18,Masculino,Ghana
257,Brenda,59,Masculino,Mayotte
258,Monique,29,Femenino,Poland
259,Kimberly,36,Masculino,Saint Barthelemy
260,Ryan,41,Masculino,Gibraltar
261,Charles,55,Masculino,Singapore
262,Emily,26,Masculino,Svalbard & Jan Mayen Islands
263,David,61,Masculino,Turkey
264,Jose,30,Masculino,Uzbekistan
265,Jennifer,42,Femenino,Hungary
266,Justin,27,Femenino,Lesotho
267,Michael,23,Masculino,Chile
268,Matthew,37,Femenino,Burundi
269,Thomas,68,Masculino,Andorra
270,Paul,20,Masculino,Isle of Man
271,Marc,62,Masculino,Dominican Republic
272,Robert,46,Masculino,Djibouti
273,Samuel,29,Femenino,Wallis and Futuna
274,Deborah,45,Masculino,Nicaragua
275,Jacob,53,Masculino,Canada
276,Mark,63,Masculino,Kyrgyz Republic
277,Christopher,36,Masculino,Saint Kitts and Nevis
278,Brent,66,Femenino,Mongolia
279,Michael,23,Femenino,Madagascar
280,Tammy,41,Masculino,Nicaragua
281,Victoria,23,Masculino,Nigeria
282,Pamela,41,Masculino,Peru
283,Jose,38,Masculino,Israel
284,Jonathan,52,Femenino,Aruba
285,John,42,Femenino,Cambodia
286,Katherine,28,Masculino,Kiribati
287,Timothy,62,Femenino,Yemen
288,Patrick,64,Masculino,Greece
289,Kevin,25,Masculino,American Samoa
290,Anthony,66,Femenino,Burundi
291,Holly,59,Masculino,Martinique
292,Philip,35,Masculino,Angola
293,Jose,34,Masculino,Luxembourg
294,Katherine,24,Femenino,Vanuatu
295,Jessica,32,Masculino,Bosnia and Herzegovina
296,Jody,69,Masculino,Gabon
297,Bruce,69,Masculino,Puerto Rico
298,Sean,57,Femenino,Germany
299,Tiffany,40,Masculino,Netherlands
300,Steve,52,Femenino,Saint Barthelemy
301,George,41,Masculino,Ghana
302,Daniel,62,Femenino,Honduras
303,Chad,67,Femenino,Malawi
304,Dustin,46,Femenino,Spain
305,Craig,29,Femenino,Costa Rica
306,Derek,67,Masculino,Kazakhstan
307,Brett,28,Masculino,Kyrgyz Republic
308,Sara,31,Femenino,Iceland
309,Jeffery,33,Femenino,Switzerland
310,Jennifer,46,Masculino,Austria
311,Bryan,57,Masculino,North Macedonia
312,Mark,47,Masculino,Canada
313,Tony,21,Masculino,Spain
314,Gregory,60,Masculino,South Africa
315,Danielle,21,Masculino,Congo
316,Anthony,68,Femenino,Niue
317,Phillip,21,Masculino,Macao
318,Eric,45,Femenino,Saint Martin
319,Ronald,47,Femenino,Oman
320,Steven,26,Femenino,Albania
321,Austin,58,Masculino,Timor-Leste
322,Beth,56,Masculino,Cameroon
323,Jose,36,Masculino,Guam
324,Mary,65,Femenino,Turkey
325,Douglas,60,Femenino,Luxembourg
326,Stephanie,69,Masculino,Ethiopia
327,William,33,Femenino,Jersey
328,Robin,56,Masculino,Saudi Arabia
329,Johnny,38,Femenino,Saint Vincent and the Grenadines
330,Jonathan,56,Masculino,French Guiana
331,Steven,22,Femenino,Wallis and Futuna
332,Sarah,23,Femenino,Comoros
333,Anthony,20,Femenino,Singapore
334,Brian,57,Femenino,Indonesia
335,Christian,40,Masculino,Albania
336,Jessica,42,Masculino,Falkland Islands (Malvinas)
337,Jennifer,20,Masculino,Norway
338,Angela,49,Femenino,Sierra Leone
339,Blake,64,Masculino,Croatia
340,Nicholas,57,Masculino,Palau
341,Crystal,39,Femenino,Faroe Islands
342,Michelle,42,Masculino,Yemen
343,Richard,57,Masculino,Albania
344,Nathan,28,Masculino,San Marino
345,Mary,43,Femenino,Moldova
346,Amber,67,Femenino,Malawi
347,Mary,39,Masculino,Italy
348,John,46,Masculino,Chad
349,Jacqueline,25,Femenino,Korea
350,Shelby,36,Femenino,Marshall Islands
351,Kelly,53,Femenino,Senegal
352,Lauren,64,Masculino,Puerto Rico
353,Kelly,51,Masculino,Central African Republic
354,Richard,67,Femenino,Gabon
355,Christopher,26,Masculino,Marshall Islands
356,Rebecca,63,Masculino,Cyprus
357,Lisa,44,Femenino,Saint Helena
358,Teresa,37,Masculino,Oman
359,Chad,56,Femenino,New Zealand
360,Aaron,20,Masculino,Sri Lanka
361,Ricardo,18,Femenino,Palau
362,Mary,54,Femenino,Madagascar
363,Andrew,43,Femenino,Kuwait
364,Deborah,40,Femenino,Gambia
365,Cindy,63,Masculino,Libyan Arab Jamahiriya
366,Karen,36,Femenino,Uganda
367,John,34,Femenino,Cote d'Ivoire
368,Jennifer,69,Masculino,Yemen
369,Anthony,25,Femenino,Ghana
370,Joseph,67,Masculino,Congo
371,Jessica,27,Masculino,Chad
372,Chris,55,Masculino,Saudi Arabia
373,Peter,48,Femenino,Micronesia
374,Megan,36,Masculino,South Africa
375,Teresa,45,Masculino,Ethiopia
376,Phillip,70,Femenino,Norway
377,Randy,53,Masculino,Lao People's Democratic Republic
378,Stanley,58,Masculino,Belarus
379,Scott,46,Femenino,Tunisia
380,Jonathan,30,Femenino,Israel
381,Emily,53,Femenino,Niger
382,Rachael,21,Masculino,Malawi
383,Wayne,62,Masculino,Belarus
384,Alexander,62,Masculino,Guinea
385,Heather,52,Masculino,Honduras
386,Joseph,43,Femenino,Saint Martin
387,Jessica,60,Masculino,Macao
388,John,65,Masculino,Chile
389,Michael,45,Femenino,Saint Helena
390,Zachary,68,Femenino,Yemen
391,Matthew,70,Masculino,Slovenia
392,Rose,66,Masculino,Seychelles
393,Jonathan,63,Femenino,Falkland Islands (Malvinas)
394,Bradley,40,Femenino,Philippines
395,Jasmine,36,Masculino,French Southern Territories
396,Jennifer,39,Masculino,Sri Lanka
397,Katherine,41,Masculino,Singapore
398,Evan,47,Femenino,Congo
399,Ryan,62,Femenino,Hungary
400,Ryan,63,Femenino,Isle of Man
401,Lisa,51,Masculino,Cambodia
402,Peter,69,Masculino,Greenland
403,Alexandra,33,Femenino,Niger
404,Katherine,31,Masculino,Lao People's Democratic Republic
405,Nicole,65,Masculino,Svalbard & Jan Mayen Islands
406,Chad,64,Masculino,Guernsey
407,Teresa,60,Masculino,Hong Kong
408,Bradley,48,Femenino,Bulgaria
409,Michael,50,Femenino,Lithuania
410,Jose,19,Masculino,Ecuador
411,Tim,18,Femenino,Uganda
412,David,62,Masculino,Guinea-Bissau
413,Christopher,62,Femenino,South Georgia and the South Sandwich Islands
414,Kyle,44,Masculino,Sao Tome and Principe
415,Melissa,70,Masculino,Mozambique
416,Cassandra,56,Masculino,Armenia
417,Kelsey,56,Femenino,Netherlands Antilles
418,Michael,31,Femenino,Brunei Darussalam
419,Larry,63,Masculino,Argentina
420,Melissa,26,Femenino,Latvia
421,Richard,63,Femenino,Montserrat
422,Kent,34,Masculino,Mauritania
423,Sara,30,Femenino,Anguilla
424,Jill,42,Masculino,Maldives
425,Laura,70,Masculino,United States Minor Outlying Islands
426,Luis,29,Femenino,Isle of Man
427,Eric,62,Femenino,French Polynesia
428,Robin,36,Femenino,United States Minor Outlying Islands
429,Rachel,46,Femenino,Bahrain
430,Carla,56,Femenino,Saint Helena
431,Russell,30,Femenino,Saint Kitts and Nevis
432,Catherine,51,Masculino,Jersey
433,Sally,27,Femenino,Italy
434,David,37,Masculino,Sri Lanka
435,Nicholas,55,Femenino,Central African Republic
436,Jason,66,Masculino,Finland
437,David,30,Femenino,Turkmenistan
438,Tamara,63,Masculino,Tuvalu
439,Robert,60,Masculino,French Polynesia
440,Melissa,19,Masculino,Lao People's Democratic Republic
441,Stanley,36,Femenino,Palestinian Territory
442,Nicole,43,Femenino,Belize
443,Megan,45,Masculino,Grenada
444,Michele,66,Masculino,Bolivia
445,Robert,20,Femenino,Slovakia (Slovak Republic)
446,Ronald,28,Femenino,Czech Republic
447,Andrew,20,Femenino,Haiti
448,Barry,32,Femenino,Colombia
449,Christopher,64,Femenino,Saint Kitts and Nevis
450,Leah,32,Femenino,Greece
451,Ryan,20,Femenino,Barbados
452,Tina,53,Femenino,Tanzania
453,John,62,Femenino,New Caledonia
454,Jason,25,Masculino,Nepal
455,Lawrence,19,Masculino,Morocco
456,Philip,55,Femenino,Isle of Man
457,Jessica,63,Masculino,Taiwan
458,Duane,39,Femenino,Samoa
459,Christopher,29,Masculino,Nigeria
460,Richard,68,Femenino,Pakistan
461,Laura,59,Masculino,India
462,Derrick,36,Femenino,El Salvador
463,Zachary,62,Femenino,Guam
464,William,21,Masculino,British Virgin Islands
465,Christopher,57,Femenino,Saint Barthelemy
466,William,59,Masculino,Netherlands
467,Anthony,27,Masculino,Cayman Islands
468,Kelly,23,Femenino,British Indian Ocean Territory (Chagos Archipelago)
469,Amanda,41,Masculino,United States Minor Outlying Islands
470,Karen,60,Masculino,United States Minor Outlying Islands
471,Michelle,20,Masculino,Saint Barthelemy
472,Donna,59,Masculino,San Marino
473,Kevin,67,Masculino,Rwanda
474,Brian,31,Masculino,Vanuatu
475,Thomas,68,Masculino,Barbados
476,Anthony,60,Femenino,Philippines
477,Antonio,32,Femenino,Korea
478,Matthew,50,Femenino,American Samoa
479,Jessica,46,Femenino,Solomon Islands
480,Ryan,49,Masculino,Venezuela
481,Charles,59,Femenino,Gambia
482,Janet,53,Masculino,Svalbard & Jan Mayen Islands
483,Julie,51,Masculino,Guernsey
484,Kevin,30,Femenino,Bosnia and Herzegovina
485,Grace,32,Femenino,Morocco
486,Julia,69,Masculino,Latvia
487,Kathleen,67,Masculino,Japan
488,Micheal,34,Masculino,Andorra
489,Randall,66,Masculino,Fiji
490,Maureen,21,Femenino,Cambodia
491,Kelly,29,Femenino,Bangladesh
492,Daniel,19,Masculino,Tanzania
493,Linda,68,Femenino,Chad
494,Kevin,65,Masculino,United States of America
495,James,31,Masculino,Norway
496,Natalie,55,Femenino,Burundi
497,Yolanda,26,Masculino,Bosnia and Herzegovina
498,Jonathan,61,Femenino,Western Sahara
499,Jason,53,Femenino,Burundi
500,Christy,61,Femenino,Kiribati
501,Andrew,22,Femenino,Oman
502,Eric,45,Femenino,Oman
503,Scott,70,Masculino,Trinidad and Tobago
504,Ross,59,Masculino,United Kingdom
505,Christine,26,Masculino,Lithuania
506,Brittney,25,Femenino,Spain
507,Marissa,26,Masculino,Guam
508,Christopher,38,Masculino,Serbia
509,Kevin,66,Masculino,Haiti
510,Lisa,55,Masculino,Canada
511,Angela,40,Femenino,Uzbekistan
512,Brianna,41,Masculino,Macao
513,Ian,67,Femenino,India
514,David,30,Masculino,Grenada
515,Timothy,62,Masculino,Turkey
516,Jennifer,25,Femenino,Marshall Islands
517,Michael,62,Masculino,Comoros
518,Jerry,55,Femenino,Jamaica
519,Jennifer,24,Masculino,Tonga
520,John,38,Masculino,India
521,Miguel,43,Femenino,Ukraine
522,Marc,33,Femenino,Isle of Man
523,Brenda,32,Masculino,Korea
524,Jeremy,46,Femenino,Honduras
525,Dylan,43,Masculino,United States Minor Outlying Islands
526,Brittany,34,Femenino,Cyprus
527,Becky,37,Femenino,Bolivia
528,William,69,Masculino,North Macedonia
529,Rebecca,45,Femenino,Armenia
530,Jacob,47,Masculino,French Polynesia
531,Theresa,50,Masculino,Netherlands Antilles
532,John,66,Masculino,South Georgia and the South Sandwich Islands
533,Michael,28,Masculino,Bahamas
534,Nathan,51,Masculino,Cook Islands
535,Richard,50,Femenino,Pitcairn Islands
536,Kimberly,64,Masculino,Bhutan
537,Sharon,61,Masculino,Dominican Republic
538,Caitlin,43,Masculino,Guinea-Bissau
539,Amber,41,Masculino,Ecuador
540,Kimberly,19,Femenino,San Marino
541,Joel,52,Femenino,Marshall Islands
542,Sharon,52,Femenino,Uganda
543,Christopher,68,Masculino,Latvia
544,Lindsey,24,Masculino,Kenya
545,Jeremy,36,Masculino,Madagascar
546,Lisa,61,Masculino,Tunisia
547,Ricky,29,Masculino,Dominica
548,Eileen,30,Femenino,Heard Island and McDonald Islands
549,Jillian,64,Masculino,Swaziland
550,George,70,Femenino,Jersey
551,Emily,26,Masculino,Iran
552,Alexis,24,Femenino,Swaziland
553,Jennifer,52,Femenino,Antigua and Barbuda
554,Rhonda,45,Masculino,Slovenia
555,Arthur,51,Femenino,Denmark
556,Cindy,63,Femenino,Haiti
557,Laurie,24,Femenino,Vietnam
558,Michael,22,Masculino,Germany
559,Kristina,25,Femenino,Poland
560,Richard,43,Femenino,Montenegro
561,Jo,42,Femenino,Burundi
562,Joshua,30,Masculino,Niue
563,Tara,53,Femenino,Cameroon
564,Brian,47,Femenino,Mali
565,Richard,69,Femenino,Rwanda
566,William,54,Masculino,Vanuatu
567,Michael,58,Masculino,Madagascar
568,Bradley,44,Femenino,Congo
569,Mia,29,Masculino,Bahamas
570,Sue,43,Femenino,Congo
571,Jasmine,26,Femenino,Tonga
572,Janice,26,Femenino,Palau
573,Dana,36,Femenino,Algeria
574,Justin,48,Femenino,Dominican Republic
575,Jennifer,68,Masculino,Saudi Arabia
576,Kelli,58,Femenino,Malta
577,Joseph,69,Masculino,Uruguay
578,Veronica,51,Masculino,Venezuela
579,Jonathan,47,Masculino,Burundi
580,Brenda,42,Femenino,Serbia
581,Shawn,39,Femenino,Brunei Darussalam
582,Erica,24,Femenino,Mozambique
583,Megan,49,Femenino,Cuba
584,Sarah,19,Femenino,Finland
585,Michael,29,Femenino,Iraq
586,Sarah,63,Masculino,Gibraltar
587,Vickie,53,Femenino,Bouvet Island (Bouvetoya)
588,Amanda,68,Femenino,Benin
589,Tina,64,Femenino,Brunei Darussalam
590,Erika,69,Masculino,Portugal
591,Gregory,25,Femenino,Guernsey
592,Tammy,20,Masculino,Hong Kong
593,Andrew,30,Femenino,Russian Federation
594,Steven,51,Masculino,Saint Barthelemy
595,Lisa,34,Femenino,Ghana
596,Karen,51,Femenino,Reunion
597,James,56,Femenino,Afghanistan
598,Timothy,52,Femenino,Sudan
599,Natalie,50,Femenino,Brazil
600,Ryan,46,Masculino,Tuvalu
601,Julie,61,Femenino,Cape Verde
602,Beth,64,Masculino,Senegal
603,Jerry,67,Masculino,Saint Lucia
604,Greg,57,Masculino,Egypt
605,Marc,58,Masculino,Western Sahara
606,Kelsey,33,Femenino,Serbia
607,Harold,68,Masculino,Iraq
608,Lynn,18,Femenino,Slovenia
609,Kaitlin,70,Femenino,Saint Helena
610,Charles,31,Masculino,Cocos (Keeling) Islands
611,Michelle,63,Masculino,Saint Helena
612,Sarah,31,Masculino,Bosnia and Herzegovina
613,Whitney,59,Masculino,India
614,Joshua,69,Masculino,Faroe Islands
615,Robin,45,Femenino,Mozambique
616,Lee,61,Femenino,Zimbabwe
617,Katie,20,Femenino,Burundi
618,Kelly,53,Masculino,Slovakia (Slovak Republic)
619,William,19,Femenino,Liberia
620,Jacob,54,Femenino,Finland
621,Martin,22,Femenino,Northern Mariana Islands
622,Kathleen,19,Femenino,Palestinian Territory
623,Jeremy,63,Femenino,Bermuda
624,Patricia,33,Masculino,South Africa
625,Catherine,30,Masculino,Ecuador
626,Courtney,39,Femenino,Cook Islands
627,Albert,47,Masculino,Portugal
628,Joanna,41,Masculino,Saint Vincent and the Grenadines
629,Matthew,36,Femenino,Luxembourg
630,Nicole,63,Masculino,Libyan Arab Jamahiriya
631,Morgan,23,Femenino,Colombia
632,Joe,65,Femenino,Botswana
633,Gregory,64,Femenino,Togo
634,Amy,32,Masculino,China
635,Carolyn,20,Masculino,Jordan
636,Jonathan,18,Femenino,Oman
637,Elizabeth,31,Masculino,Panama
638,Mary,69,Femenino,Armenia
639,Sandy,63,Masculino,Myanmar
640,Holly,47,Masculino,Qatar
641,Erin,69,Femenino,Brazil
642,Jennifer,19,Masculino,Trinidad and Tobago
643,Teresa,65,Femenino,Congo
644,Casey,39,Masculino,Brunei Darussalam
645,Jason,29,Femenino,Algeria
646,Thomas,18,Masculino,Uzbekistan
647,Angela,22,Masculino,Cambodia
648,Clinton,32,Femenino,Falkland Islands (Malvinas)
649,Kevin,31,Masculino,Burundi
650,Keith,18,Femenino,Guadeloupe
651,Nicole,23,Masculino,New Zealand
652,Lisa,62,Femenino,Falkland Islands (Malvinas)
653,Edward,64,Masculino,Morocco
654,Danny,67,Masculino,Wallis and Futuna
655,Charles,40,Masculino,Faroe Islands
656,Kenneth,34,Masculino,Pitcairn Islands
657,Troy,51,Masculino,Cayman Islands
658,James,38,Femenino,Holy See (Vatican City State)
659,Tammy,29,Masculino,Slovakia (Slovak Republic)
660,Laura,64,Masculino,China
661,Adam,70,Masculino,Reunion
662,Eric,45,Femenino,Tunisia
663,William,40,Femenino,France
664,Ashley,65,Masculino,Svalbard & Jan Mayen Islands
665,Jo,27,Masculino,Zambia
666,Nancy,56,Masculino,Netherlands
667,Pamela,42,Masculino,Lesotho
668,Margaret,48,Masculino,Comoros
669,Andrew,20,Masculino,Puerto Rico
670,Andrew,25,Masculino,Niger
671,Katelyn,39,Masculino,Antarctica (the territory South of 60 deg S)
672,Melissa,42,Masculino,Ghana
673,Teresa,56,Masculino,Nepal
674,Kara,44,Femenino,Chad
675,Mario,35,Masculino,Papua New Guinea
676,Tammy,49,Femenino,Venezuela
677,Mary,23,Masculino,Cape Verde
678,Lisa,29,Masculino,Christmas Island
679,Ronald,62,Femenino,Cyprus
680,Mitchell,29,Masculino,Bahamas
681,Theresa,52,Masculino,Cameroon
682,Kristy,45,Femenino,Saint Martin
683,Matthew,70,Masculino,Central African Republic
684,Charlene,51,Masculino,Burundi
685,Robert,58,Masculino,Bermuda
686,Christina,57,Masculino,Saint Martin
687,Kyle,70,Femenino,Greece
688,Matthew,32,Femenino,Japan
689,Megan,43,Femenino,Vietnam
690,Emily,60,Masculino,Bouvet Island (Bouvetoya)
691,Laura,52,Femenino,Suriname
692,Jennifer,65,Femenino,Afghanistan
693,Matthew,63,Femenino,Norway
694,Nicole,59,Masculino,Canada
695,James,56,Femenino,Denmark
696,Molly,44,Femenino,Isle of Man
697,Andrea,21,Masculino,Vietnam
698,Dawn,28,Masculino,Christmas Island
699,Stacy,43,Femenino,Saint Helena
700,Travis,39,Masculino,Rwanda
701,Derrick,50,Femenino,Belize
702,Shelly,35,Masculino,Bermuda
703,Pamela,39,Femenino,Slovenia
704,Diana,46,Masculino,Saint Vincent and the Grenadines
705,Gregg,50,Masculino,Congo
706,Michael,62,Femenino,Faroe Islands
707,Diane,40,Masculino,Chad
708,Jeanette,55,Masculino,Dominican Republic
709,James,46,Masculino,Sao Tome and Principe
710,Shawn,67,Femenino,Swaziland
711,Dawn,64,Femenino,El Salvador
712,Justin,25,Masculino,Paraguay
713,Christian,57,Femenino,Cameroon
714,Jamie,47,Femenino,France
715,Randall,46,Femenino,Antarctica (the territory South of 60 deg S)
716,Yvette,65,Femenino,Saint Martin
717,Jessica,64,Femenino,Ukraine
718,Ashley,56,Masculino,Peru
719,Susan,50,Femenino,Malawi
720,Aaron,45,Femenino,Mayotte
721,Samantha,38,Femenino,Benin
722,Melissa,29,Masculino,Canada
723,Dennis,54,Femenino,United States Minor Outlying Islands
724,Kyle,30,Masculino,Cayman Islands
725,Jordan,25,Femenino,Chad
726,James,59,Masculino,Bouvet Island (Bouvetoya)
727,Virginia,26,Masculino,Tunisia
728,Isabel,50,Femenino,Namibia
729,Jean,42,Femenino,North Macedonia
730,Daniel,65,Femenino,Rwanda
731,Mario,24,Femenino,Saint Lucia
732,Jessica,33,Masculino,Mexico
733,Barbara,18,Femenino,Turkey
734,Anthony,62,Masculino,United Kingdom
735,Andrew,25,Masculino,Swaziland
736,Valerie,19,Femenino,Tajikistan
737,Shawn,42,Femenino,Burundi
738,Kelly,47,Masculino,Romania
739,Leah,69,Masculino,Malawi
740,Javier,70,Masculino,Guam
741,Amanda,53,Masculino,San Marino
742,Scott,34,Femenino,Gabon
743,Ashley,25,Femenino,Cape Verde
744,Teresa,21,Femenino,Maldives
745,Robert,41,Femenino,Antarctica (the territory South of 60 deg S)
746,Janet,64,Femenino,United States Virgin Islands
747,Jim,56,Femenino,Antarctica (the territory South of 60 deg S)
748,Christopher,31,Femenino,Myanmar
749,Angela,61,Femenino,United States Virgin Islands
750,Amber,26,Femenino,Ghana
751,Juan,44,Masculino,Kuwait
752,Valerie,27,Masculino,Bolivia
753,Aaron,61,Femenino,Falkland Islands (Malvinas)
754,Troy,26,Masculino,Maldives
755,Cristina,32,Masculino,Syrian Arab Republic
756,Joshua,31,Masculino,Turkmenistan
757,Tracy,61,Masculino,Israel
758,Johnny,61,Femenino,Congo
759,Susan,27,Femenino,Turks and Caicos Islands
760,Virginia,53,Femenino,Mauritius
761,Mark,67,Femenino,Jersey
762,Ashley,24,Masculino,Bouvet Island (Bouvetoya)
763,Eric,44,Masculino,Switzerland
764,Tony,52,Femenino,Tunisia
765,Alicia,33,Masculino,Grenada
766,Micheal,28,Masculino,Botswana
767,Joy,31,Femenino,Slovenia
768,Vanessa,32,Masculino,Uruguay
769,Kelli,51,Masculino,Costa Rica
770,Peter,40,Femenino,South Africa
771,Rebecca,68,Masculino,Tajikistan
772,Jeff,39,Masculino,Austria
773,Robert,24,Masculino,Malawi
774,Allen,44,Femenino,Mexico
775,Mark,69,Masculino,Guinea-Bissau
776,Wendy,70,Femenino,Iran
777,Alexander,49,Femenino,Malawi
778,Michael,67,Masculino,Lesotho
779,Christopher,61,Femenino,Palestinian Territory
780,Jeffrey,28,Femenino,Guinea-Bissau
781,Casey,24,Femenino,Svalbard & Jan Mayen Islands
782,Diana,28,Femenino,Russian Federation
783,Deborah,26,Femenino,New Caledonia
784,James,42,Femenino,Algeria
785,Kelli,24,Masculino,Yemen
786,Joseph,68,Masculino,Netherlands
787,Logan,61,Femenino,Palestinian Territory
788,Tyler,19,Masculino,Cyprus
789,Tiffany,62,Masculino,Venezuela
790,Micheal,37,Masculino,Pakistan
791,Lisa,48,Femenino,Kuwait
792,Joseph,34,Femenino,Switzerland
793,Christine,47,Femenino,Armenia
794,Francis,18,Femenino,Antigua and Barbuda
795,Malik,19,Femenino,Namibia
796,Marilyn,60,Masculino,Afghanistan
797,Betty,59,Femenino,Eritrea
798,Michelle,30,Femenino,Cuba
799,John,56,Femenino,Argentina
800,Tara,58,Femenino,Switzerland
801,Katherine,24,Femenino,Jersey
802,Andrew,42,Femenino,Thailand
803,James,53,Masculino,Mauritius
804,Bradley,50,Masculino,Venezuela
805,Mary,28,Femenino,Kazakhstan
806,Shannon,18,Masculino,Japan
807,Tammy,69,Femenino,Tonga
808,Tammy,35,Masculino,Kyrgyz Republic
809,Paul,52,Masculino,Dominican Republic
810,William,55,Masculino,Uzbekistan
811,Ashley,36,Masculino,Tuvalu
812,Javier,37,Masculino,Belize
813,Justin,47,Masculino,South Georgia and the South Sandwich Islands
814,Eric,27,Femenino,Sierra Leone
815,David,33,Masculino,Sri Lanka
816,Amy,57,Masculino,Vanuatu
817,Leslie,62,Femenino,Seychelles
818,Loretta,41,Masculino,Malawi
819,Emily,31,Masculino,Panama
820,Valerie,49,Masculino,Isle of Man
821,Daniel,42,Masculino,Switzerland
822,Michael,23,Femenino,United States Minor Outlying Islands
823,Karen,46,Masculino,Saint Lucia
824,Carolyn,65,Femenino,Argentina
825,Debbie,26,Masculino,Ecuador
826,Jason,24,Femenino,Turks and Caicos Islands
827,Jennifer,35,Masculino,Norway
828,Hayden,56,Masculino,Burundi
829,Deanna,18,Masculino,Indonesia
830,Kelly,45,Masculino,United States of America
831,Elizabeth,20,Masculino,El Salvador
832,Marilyn,40,Femenino,Pakistan
833,Robert,67,Femenino,Burkina Faso
834,Courtney,36,Masculino,Yemen
835,Sandra,24,Femenino,Falkland Islands (Malvinas)
836,Peter,53,Femenino,Palau
837,Janet,51,Masculino,Saint Kitts and Nevis
838,Zachary,25,Masculino,Netherlands Antilles
839,Kelsey,63,Masculino,British Indian Ocean Territory (Chagos Archipelago)
840,Kristin,51,Masculino,Liechtenstein
841,Kyle,44,Masculino,Romania
842,Lindsay,41,Femenino,Algeria
843,Courtney,57,Femenino,Eritrea
844,Kristen,37,Masculino,Bouvet Island (Bouvetoya)
845,Patricia,48,Masculino,Myanmar
846,Vincent,20,Femenino,Estonia
847,Daniel,70,Femenino,Qatar
848,Beth,57,Femenino,Turkey
849,Bradley,44,Femenino,Togo
850,Chris,52,Femenino,Malawi
851,Mark,57,Femenino,Austria
852,Jacob,67,Femenino,Cape Verde
853,Mary,50,Femenino,Moldova
854,Larry,22,Femenino,South Georgia and the South Sandwich Islands
855,Keith,56,Masculino,Brazil
856,Michael,30,Masculino,Niue
857,Tony,41,Femenino,Kenya
858,James,46,Femenino,Ghana
859,Michelle,29,Masculino,Kuwait
860,William,52,Femenino,Comoros
861,Randy,45,Femenino,San Marino
862,Jacqueline,64,Masculino,Angola
863,Edward,57,Masculino,Bahamas
864,Jeffrey,47,Masculino,Mayotte
865,Jason,47,Masculino,Yemen
866,Cheryl,51,Femenino,Saint Lucia
867,Adam,37,Femenino,Zimbabwe
868,David,63,Masculino,Germany
869,Christine,28,Femenino,Papua New Guinea
870,Dawn,65,Masculino,Turkmenistan
871,Barbara,19,Masculino,Swaziland
872,Charles,24,Femenino,Djibouti
873,Michael,64,Masculino,Zambia
874,Jessica,37,Femenino,Isle of Man
875,Walter,36,Masculino,Guatemala
876,Stephanie,58,Femenino,Saint Lucia
877,Amy,26,Femenino,Falkland Islands (Malvinas)
878,Catherine,34,Masculino,Belarus
879,Deborah,44,Masculino,Lesotho
880,Donna,21,Masculino,Australia
881,Shannon,56,Masculino,Guinea
882,Michelle,53,Femenino,Russian Federation
883,Jessica,61,Masculino,Georgia
884,Martin,18,Masculino,Cook Islands
885,James,41,Femenino,Tuvalu
886,Tammy,28,Femenino,Cuba
887,Robert,28,Masculino,New Zealand
888,Andrew,29,Femenino,Colombia
889,Yvonne,41,Masculino,Congo
890,Sonia,69,Femenino,Tonga
891,Jeffrey,30,Masculino,British Virgin Islands
892,David,36,Femenino,French Polynesia
893,Nicole,67,Masculino,Jordan
894,Lisa,25,Femenino,Holy See (Vatican City State)
895,Jennifer,70,Masculino,Tajikistan
896,Gabriel,58,Femenino,Iraq
897,Jason,39,Femenino,China
898,Diamond,38,Femenino,Nicaragua
899,Paul,37,Masculino,Taiwan
900,Sharon,25,Femenino,Albania
901,Edward,28,Femenino,Angola
902,Stephanie,48,Femenino,Costa Rica
903,Tara,22,Femenino,Kiribati
904,Juan,37,Masculino,Gabon
905,Samuel,26,Masculino,Philippines
906,Nathan,41,Femenino,Guatemala
907,Rebecca,27,Femenino,Bangladesh
908,Steve,23,Masculino,Slovakia (Slovak Republic)
909,Donald,31,Masculino,Ireland
910,Howard,43,Masculino,Burundi
911,Angela,24,Femenino,Kiribati
912,Sarah,47,Masculino,French Guiana
913,David,69,Femenino,Argentina
914,Ivan,33,Femenino,Morocco
915,Joseph,59,Femenino,Cayman Islands
916,Peggy,56,Masculino,Portugal
917,Molly,58,Femenino,Cook Islands
918,Richard,26,Femenino,Holy See (Vatican City State)
919,Megan,52,Masculino,Rwanda
920,Courtney,41,Femenino,India
921,Hannah,69,Femenino,Jamaica
922,Tyler,66,Femenino,Algeria
923,Samuel,57,Masculino,Comoros
924,Vanessa,45,Femenino,Belarus
925,Cassie,36,Femenino,Northern Mariana Islands
926,Natasha,46,Femenino,Iceland
927,Kimberly,21,Femenino,Saint Kitts and Nevis
928,Ian,55,Masculino,Poland
929,Christopher,65,Masculino,Djibouti
930,Angela,53,Masculino,Djibouti
931,Jennifer,63,Masculino,Switzerland
932,Katherine,49,Femenino,Russian Federation
933,Tiffany,49,Femenino,Hungary
934,Jocelyn,62,Femenino,Luxembourg
935,Lawrence,59,Femenino,Greece
936,Courtney,49,Masculino,Togo
937,Latoya,48,Masculino,Guatemala
938,Catherine,21,Femenino,Azerbaijan
939,Mary,50,Femenino,Ireland
940,John,54,Femenino,Brazil
941,Dylan,22,Femenino,Rwanda
942,Linda,47,Masculino,Niger
943,Adrienne,24,Femenino,Gibraltar
944,Melissa,36,Femenino,South Africa
945,Lisa,47,Femenino,Solomon Islands
946,Holly,55,Femenino,Iceland
947,Corey,27,Femenino,Iraq
948,April,62,Femenino,Serbia
949,Tiffany,47,Masculino,Nauru
950,John,31,Masculino,Bermuda
951,Robert,50,Femenino,Marshall Islands
952,James,26,Masculino,Japan
953,Lauren,47,Masculino,Korea
954,Amanda,70,Femenino,Saudi Arabia
955,Alan,51,Femenino,Guernsey
956,Michael,34,Masculino,British Indian Ocean Territory (Chagos Archipelago)
957,Brenda,38,Femenino,Saint Martin
958,Richard,33,Femenino,Nigeria
959,Larry,20,Masculino,Singapore
960,Lisa,65,Femenino,Austria
961,Teresa,58,Femenino,Western Sahara
962,Richard,27,Femenino,Peru
963,Sarah,35,Femenino,Cote d'Ivoire
964,Valerie,62,Masculino,Zimbabwe
965,Tonya,70,Masculino,Peru
966,Tracy,21,Femenino,Tajikistan
967,Heidi,37,Masculino,Bahrain
968,Shannon,52,Femenino,Kazakhstan
969,Carlos,32,Masculino,Sierra Leone
970,Paul,38,Masculino,Eritrea
971,Tiffany,39,Femenino,New Caledonia
972,Christopher,21,Masculino,Myanmar
973,Nancy,18,Masculino,Cote d'Ivoire
974,Tiffany,59,Masculino,Croatia
975,Stephen,33,Femenino,Saudi Arabia
976,Jose,37,Masculino,Slovenia
977,Terry,32,Femenino,Moldova
978,David,47,Masculino,Haiti
979,Amanda,21,Masculino,Lesotho
980,Marcus,28,Masculino,Lesotho
981,John,47,Femenino,Sao Tome and Principe
982,Adam,51,Masculino,Bermuda
983,Marissa,68,Femenino,Kuwait
984,Stefanie,61,Femenino,Cuba
985,Caroline,49,Femenino,Sudan
986,David,40,Femenino,Korea
987,Donald,32,Masculino,Bolivia
988,Christopher,58,Masculino,India
989,Erica,43,Femenino,Trinidad and Tobago
990,Christopher,31,Femenino,Syrian Arab Republic
991,Rebecca,67,Femenino,Ireland
992,Connie,30,Femenino,Taiwan
993,Katie,61,Femenino,Burundi
994,Theresa,54,Masculino,Mozambique
995,Johnny,54,Masculino,Saint Helena
996,Kimberly,38,Femenino,Ghana
997,Taylor,46,Femenino,Germany
998,John,27,Femenino,Cote d'Ivoire
999,Stefanie,40,Masculino,Cook Islands
