Fecha,Producto,Categoría,Cantidad,Precio Unitario
2025-09-24,Sandalias,calzado,1,25.55
2025-10-26,Zapatos,calzado,4,89.63
2025-01-13,Bolso,accesorios,5,38.71
2025-12-15,Sombrero,accesorios,5,19.1
2025-08-24,Chaqueta,ropa,2,33.06
2025-01-01,Camiseta,ropa,1,23.73
2025-01-07,Camiseta,ropa,4,68.73
2025-01-26,Bolso,accesorios,1,66.76
2025-10-31,Bolso,accesorios,3,93.64
2025-10-03,Camiseta,ropa,3,84.95
2025-08-14,Bolso,accesorios,4,52.79
2025-01-15,Sombrero,accesorios,5,83.73
2025-03-19,Sombrero,accesorios,2,21.14
2025-12-29,Bolso,accesorios,2,18.05
2025-03-01,Chaqueta,ropa,4,41.41
2025-06-04,Sandalias,calzado,4,11.68
2025-10-02,Sombrero,accesorios,3,97.4
2025-05-29,Zapatos,calzado,4,89.01
2025-07-22,Sandalias,calzado,1,95.02
2025-01-14,Sombrero,accesorios,4,79.51
2025-05-18,Chaqueta,ropa,4,65.45
2025-04-13,Chaqueta,ropa,4,66.44
2025-02-03,Chaqueta,ropa,3,60.95
2025-01-06,Bufanda,accesorios,2,79.13
2025-04-10,Bufanda,accesorios,4,17.25
2025-05-28,Camiseta,ropa,2,88.31
2025-10-15,Chaqueta,ropa,1,25.06
2025-11-30,Camiseta,ropa,3,87.36
2025-08-15,Camiseta,ropa,2,48.12
2025-08-29,Camiseta,ropa,4,79.77
2025-03-21,Sombrero,accesorios,3,89.22
2025-08-17,Chaqueta,ropa,1,86.82
2025-04-22,Bufanda,accesorios,2,70.87
2025-11-19,Sombrero,accesorios,5,67.5
2025-04-19,Sandalias,calzado,5,24.71
2025-09-16,Pantalón,ropa,5,75.85
2025-07-03,Zapatos,calzado,2,95.53
2025-08-27,Bufanda,accesorios,1,84.53
2025-02-22,Pantalón,ropa,3,51.35
2025-06-20,Camiseta,ropa,2,61.54
2025-04-27,Sombrero,accesorios,5,16.3
2025-08-08,Sandalias,calzado,4,53.07
2025-11-20,Bufanda,accesorios,4,49.06
2025-08-11,Bolso,accesorios,5,69.97
2025-11-11,Sombrero,accesorios,3,33.32
2025-05-12,Bolso,accesorios,2,90.6
2025-11-30,Pantalón,ropa,3,42.43
2025-05-24,Sandalias,calzado,1,49.95
2025-11-19,Zapatos,calzado,5,61.28
2025-09-28,Bolso,accesorios,3,25.55
2025-03-12,Sandalias,calzado,2,43.89
2025-09-11,Sombrero,accesorios,2,68.3
2025-02-13,Sombrero,accesorios,3,27.05
2025-05-15,Sandalias,calzado,5,60.1
2025-05-23,Zapatos,calzado,3,86.19
2025-02-09,Bufanda,accesorios,5,14.94
2025-08-17,Pantalón,ropa,5,91.29
2025-05-11,Bolso,accesorios,3,32.82
2025-11-08,Chaqueta,ropa,2,11.56
2025-05-05,Sombrero,accesorios,2,12.71
2025-04-26,Camiseta,ropa,1,66.46
2025-08-06,Pantalón,ropa,5,13.03
2025-01-19,Bufanda,accesorios,5,82.61
2025-10-17,Chaqueta,ropa,1,50.6
2025-09-01,Chaqueta,ropa,3,93.32
2025-05-16,Sandalias,calzado,1,86.44
2025-02-13,Sombrero,accesorios,2,91.12
2025-08-19,Camiseta,ropa,4,28.58
2025-05-14,Sandalias,calzado,3,60.56
2025-09-29,Camiseta,ropa,1,39.61
2025-07-21,Camiseta,ropa,5,27.81
2025-11-07,Pantalón,ropa,1,84.38
2025-02-15,Sandalias,calzado,1,10.4
2025-01-25,Sandalias,calzado,4,93.1
2025-06-21,Pantalón,ropa,1,18.45
2025-03-09,Bolso,accesorios,4,57.14
2025-01-12,Bolso,accesorios,3,96.54
2025-03-22,Zapatos,calzado,5,42.44
2025-01-27,Bufanda,accesorios,1,14.59
2025-12-26,Zapatos,calzado,4,24.72
2025-05-12,Chaqueta,ropa,3,20.6
2025-03-28,Sandalias,calzado,2,40.36
2025-02-10,Bufanda,accesorios,5,78.04
2025-08-25,Camiseta,ropa,2,25.49
2025-03-27,Chaqueta,ropa,4,17.81
2025-02-28,Camiseta,ropa,5,80.16
2025-10-06,Bufanda,accesorios,2,37.72
2025-01-31,Sandalias,calzado,5,48.92
2025-08-02,Camiseta,ropa,2,65.05
2025-04-27,Camiseta,ropa,5,22.69
2025-05-07,Chaqueta,ropa,1,13.24
2025-07-22,Bolso,accesorios,4,84.23
2025-02-20,Zapatos,calzado,5,11.9
2025-09-19,Pantalón,ropa,5,78.62
2025-07-20,Camiseta,ropa,4,99.44
2025-05-05,Zapatos,calzado,3,71.02
2025-02-11,Chaqueta,ropa,2,49.1
2025-05-31,Sombrero,accesorios,4,74.19
2025-05-04,Sombrero,accesorios,1,82.42
2025-09-24,Zapatos,calzado,3,30.8
2025-09-27,Chaqueta,ropa,4,18.16
2025-03-24,Sandalias,calzado,4,25.13
2025-10-20,Bufanda,accesorios,5,57.65
2025-03-31,Sandalias,calzado,1,91.39
2025-06-06,Bolso,accesorios,1,20.94
2025-02-23,Zapatos,calzado,4,47.2
2025-07-09,Bufanda,accesorios,5,10.67
2025-10-14,Bufanda,accesorios,1,48.37
2025-09-13,Sandalias,calzado,2,17.46
2025-01-28,Zapatos,calzado,3,39.84
2025-01-28,Zapatos,calzado,1,85.89
2025-05-05,Camiseta,ropa,3,77.14
2025-03-01,Chaqueta,ropa,1,89.32
2025-11-27,Bolso,accesorios,3,99.83
2025-11-02,Sandalias,calzado,1,38.24
2025-02-23,Bufanda,accesorios,5,61.33
2025-01-19,Camiseta,ropa,3,75.84
2025-10-20,Sombrero,accesorios,2,18.48
2025-05-12,Sandalias,calzado,5,54.67
2025-01-11,Chaqueta,ropa,1,29.12
2025-09-23,Sandalias,calzado,1,34.38
2025-03-01,Camiseta,ropa,4,27.65
2025-07-28,Sombrero,accesorios,3,19.2
2025-05-23,Sandalias,calzado,5,95.81
2025-04-30,Camiseta,ropa,3,27.7
2025-06-24,Chaqueta,ropa,3,87.96
2025-06-22,Chaqueta,ropa,4,64.1
2025-02-09,Pantalón,ropa,3,71.08
2025-09-20,Bolso,accesorios,2,52.42
2025-09-14,Camiseta,ropa,4,29.77
2025-01-25,Pantalón,ropa,1,67.3
2025-12-21,Pantalón,ropa,2,55.65
2025-09-30,Camiseta,ropa,3,44.94
2025-05-24,Bufanda,accesorios,5,94.81
2025-02-19,Bufanda,accesorios,1,71.97
2025-10-08,Zapatos,calzado,3,51.04
2025-02-07,Bolso,accesorios,5,48.17
2025-08-11,Chaqueta,ropa,1,62.4
2025-09-18,Sombrero,accesorios,1,95.75
2025-11-17,Pantalón,ropa,2,54.73
2025-05-27,Bufanda,accesorios,4,99.17
2025-01-11,Sandalias,calzado,3,72.81
2025-09-02,Chaqueta,ropa,4,70.14
2025-11-10,Zapatos,calzado,1,61.13
2025-07-31,Sombrero,accesorios,5,80.7
2025-03-12,Camiseta,ropa,1,59.17
2025-05-09,Chaqueta,ropa,1,86.0
2025-06-20,Bufanda,accesorios,3,82.81
2025-12-08,Pantalón,ropa,2,55.61
2025-02-01,Zapatos,calzado,1,10.63
2025-10-22,Sombrero,accesorios,1,13.51
2025-04-11,Pantalón,ropa,3,41.09
2025-08-28,Camiseta,ropa,1,84.88
2025-04-21,Bufanda,accesorios,1,64.43
2025-02-19,Camiseta,ropa,4,38.06
2025-08-01,Zapatos,calzado,2,13.82
2025-05-17,Sandalias,calzado,5,49.55
2025-07-25,Bufanda,accesorios,2,68.0
2025-08-11,Sandalias,calzado,2,15.53
2025-07-26,Bufanda,accesorios,3,57.2
2025-01-31,Sandalias,calzado,4,98.18
2025-01-25,Zapatos,calzado,1,72.42
2025-05-09,Bolso,accesorios,1,94.04
2025-08-02,Chaqueta,ropa,5,30.27
2025-03-31,Zapatos,calzado,1,88.52
2025-12-28,Bufanda,accesorios,4,87.68
2025-04-02,Pantalón,ropa,2,46.97
2025-07-23,Bufanda,accesorios,5,32.72
2025-09-14,Chaqueta,ropa,1,75.12
2025-09-22,Bolso,accesorios,2,97.69
2025-06-13,Bolso,accesorios,1,29.29
2025-09-05,Sandalias,calzado,4,39.3
2025-02-08,Bolso,accesorios,3,10.43
2025-02-15,Camiseta,ropa,2,59.37
2025-12-17,Pantalón,ropa,2,95.87
2025-05-27,Bolso,accesorios,2,46.36
2025-08-25,Bufanda,accesorios,3,61.34
2025-09-12,Zapatos,calzado,4,81.72
2025-05-05,Chaqueta,ropa,2,53.34
2025-10-19,Camiseta,ropa,1,96.08
2025-02-06,Bufanda,accesorios,1,61.11
2025-10-21,Bolso,accesorios,5,26.41
2025-05-21,Pantalón,ropa,5,26.7
2025-06-21,Zapatos,calzado,1,11.48
2025-02-12,Sandalias,calzado,4,57.52
2025-07-25,Sandalias,calzado,5,29.88
2025-05-11,Sombrero,accesorios,4,78.57
2025-05-25,Chaqueta,ropa,3,21.24
2025-07-29,Sombrero,accesorios,4,29.34
2025-12-19,Chaqueta,ropa,1,88.49
2025-01-04,Sombrero,accesorios,3,43.24
2025-10-08,Pantalón,ropa,3,54.87
2025-12-23,Chaqueta,ropa,5,52.23
2025-07-21,Chaqueta,ropa,1,43.25
2025-01-02,Bufanda,accesorios,1,55.58
2025-07-07,Sandalias,calzado,1,45.12
2025-02-27,Zapatos,calzado,4,60.52
2025-10-10,Camiseta,ropa,4,25.1
2025-04-25,Zapatos,calzado,2,48.69
2025-12-14,Camiseta,ropa,3,40.2
2025-10-26,Pantalón,ropa,4,80.18
2025-01-24,Pantalón,ropa,2,56.23
2025-07-18,Bufanda,accesorios,5,80.63
2025-04-09,Chaqueta,ropa,1,75.76
2025-07-10,Pantalón,ropa,5,86.2
2025-10-18,Bufanda,accesorios,1,51.63
2025-03-30,Camiseta,ropa,1,16.93
2025-07-16,Pantalón,ropa,5,62.17
2025-04-03,Chaqueta,ropa,3,54.27
2025-09-23,Camiseta,ropa,4,33.43
2025-01-08,Chaqueta,ropa,2,65.03
2025-05-09,Zapatos,calzado,4,81.59
2025-11-30,Zapatos,calzado,5,11.33
2025-06-12,Sombrero,accesorios,3,49.64
2025-08-01,Bolso,accesorios,3,38.89
2025-03-10,Bufanda,accesorios,3,36.55
2025-05-18,Zapatos,calzado,4,71.43
2025-10-14,Bufanda,accesorios,3,28.3
2025-01-12,Pantalón,ropa,2,87.58
2025-08-16,Sombrero,accesorios,4,67.05
2025-06-17,Zapatos,calzado,4,40.48
2025-07-09,Chaqueta,ropa,1,21.04
2025-04-30,Bufanda,accesorios,4,55.27
2025-03-23,Camiseta,ropa,2,11.92
2025-03-07,Zapatos,calzado,1,12.45
2025-12-28,Bufanda,accesorios,3,35.16
2025-06-05,Sandalias,calzado,3,23.49
2025-04-02,Sombrero,accesorios,4,93.08
2025-01-03,Sombrero,accesorios,1,27.59
2025-11-03,Pantalón,ropa,3,19.4
2025-08-16,Bufanda,accesorios,2,98.75
2025-11-10,Chaqueta,ropa,1,87.62
2025-08-29,Bufanda,accesorios,5,95.92
2025-02-21,Bufanda,accesorios,5,72.03
2025-10-23,Sombrero,accesorios,3,99.72
2025-05-31,Bolso,accesorios,5,29.23
2025-05-10,Sombrero,accesorios,2,86.81
2025-07-23,Chaqueta,ropa,5,15.32
2025-02-27,Zapatos,calzado,5,33.42
2025-10-20,Pantalón,ropa,3,75.69
2025-03-22,Camiseta,ropa,5,43.38
2025-07-16,Chaqueta,ropa,4,29.98
2025-07-26,Zapatos,calzado,4,79.39
2025-06-28,Pantalón,ropa,1,13.15
2025-08-02,Sombrero,accesorios,1,92.72
2025-10-12,Sandalias,calzado,4,13.49
2025-06-17,Pantalón,ropa,3,18.18
2025-06-09,Pantalón,ropa,3,68.66
2025-03-23,Pantalón,ropa,3,94.28
2025-01-18,Bufanda,accesorios,4,15.04
2025-02-28,Zapatos,calzado,3,26.18
2025-12-24,Sombrero,accesorios,2,44.52
2025-07-07,Bufanda,accesorios,2,62.3
2025-02-15,Bufanda,accesorios,1,59.13
2025-11-03,Bolso,accesorios,1,82.95
2025-07-23,Camiseta,ropa,3,69.28
2025-08-13,Pantalón,ropa,2,42.31
2025-11-18,Zapatos,calzado,1,70.18
2025-11-11,Bolso,accesorios,1,55.06
2025-05-29,Bolso,accesorios,4,39.09
2025-12-30,Chaqueta,ropa,2,80.96
2025-03-04,Camiseta,ropa,3,16.12
2025-06-13,Bufanda,accesorios,5,51.46
2025-04-06,Bufanda,accesorios,4,71.67
2025-06-23,Bufanda,accesorios,1,84.32
2025-12-28,Sandalias,calzado,1,83.87
2025-04-01,Camiseta,ropa,5,93.82
2025-08-07,Camiseta,ropa,1,85.46
2025-08-08,Sombrero,accesorios,4,52.94
2025-11-03,Camiseta,ropa,5,66.29
2025-04-13,Sandalias,calzado,2,52.11
2025-05-01,Sandalias,calzado,3,85.2
2025-02-19,Chaqueta,ropa,5,27.75
2025-09-30,Bolso,accesorios,1,41.21
2025-07-06,Zapatos,calzado,3,22.25
2025-02-03,Camiseta,ropa,5,14.24
2025-07-08,Pantalón,ropa,5,96.55
2025-04-05,Sandalias,calzado,1,58.63
2025-03-27,Bolso,accesorios,2,73.58
2025-03-28,Camiseta,ropa,2,66.0
2025-08-24,Zapatos,calzado,4,11.37
2025-12-10,Chaqueta,ropa,1,85.98
2025-04-11,Sombrero,accesorios,1,95.46
2025-10-27,Camiseta,ropa,1,14.52
2025-12-05,Zapatos,calzado,3,84.7
2025-10-19,Sandalias,calzado,2,42.1
2025-12-03,Sombrero,accesorios,3,34.31
2025-06-24,Chaqueta,ropa,3,70.07
2025-07-20,Camiseta,ropa,5,31.91
2025-07-04,Chaqueta,ropa,3,50.39
2025-02-10,Chaqueta,ropa,5,23.56
2025-03-04,Chaqueta,ropa,3,68.21
2025-03-21,Sandalias,calzado,5,80.63
2025-11-05,Zapatos,calzado,4,71.52
2025-03-23,Pantalón,ropa,3,45.34
2025-03-23,Zapatos,calzado,2,73.5
2025-03-06,Sombrero,accesorios,1,11.98
2025-12-17,Chaqueta,ropa,5,86.04
2025-05-09,Bufanda,accesorios,5,57.45
2025-10-04,Bolso,accesorios,5,30.8
2025-09-15,Bufanda,accesorios,1,81.63
2025-10-21,Bufanda,accesorios,1,78.69
2025-12-02,Zapatos,calzado,1,58.38
2025-10-23,Camiseta,ropa,3,41.27
2025-12-05,Zapatos,calzado,4,39.5
2025-09-13,Sandalias,calzado,4,36.73
2025-09-05,Sombrero,accesorios,1,88.79
2025-03-09,Bolso,accesorios,4,98.17
2025-11-10,Bufanda,accesorios,2,91.51
2025-08-12,Zapatos,calzado,5,75.32
2025-05-28,Bufanda,accesorios,5,81.28
2025-03-31,Sombrero,accesorios,5,81.24
2025-08-12,Sandalias,calzado,4,99.5
2025-07-04,Sombrero,accesorios,1,98.48
2025-01-24,Chaqueta,ropa,5,60.13
2025-08-21,Camiseta,ropa,2,31.18
2025-10-14,Camiseta,ropa,5,62.88
2025-07-03,Camiseta,ropa,2,72.51
2025-11-28,Bufanda,accesorios,1,45.42
2025-11-25,Chaqueta,ropa,5,27.8
2025-05-02,Bolso,accesorios,3,96.36
2025-08-09,Sombrero,accesorios,2,72.94
2025-09-25,Sandalias,calzado,3,25.83
2025-05-18,Chaqueta,ropa,3,84.84
2025-08-10,Chaqueta,ropa,3,66.23
2025-03-24,Zapatos,calzado,3,97.51
2025-04-29,Camiseta,ropa,3,93.86
2025-05-30,Bolso,accesorios,3,89.55
2025-12-28,Sandalias,calzado,4,82.02
2025-05-19,Sandalias,calzado,5,82.12
2025-02-01,Pantalón,ropa,2,21.9
2025-09-23,Zapatos,calzado,5,86.24
2025-03-15,Sombrero,accesorios,5,24.11
2025-02-27,Sombrero,accesorios,2,58.27
2025-07-19,Zapatos,calzado,5,39.18
2025-11-26,Camiseta,ropa,1,32.69
2025-07-17,Sandalias,calzado,5,20.88
2025-01-19,Bolso,accesorios,2,99.05
2025-07-18,Sandalias,calzado,5,75.87
2025-06-23,Camiseta,ropa,3,49.67
2025-08-11,Pantalón,ropa,2,63.12
2025-03-14,Chaqueta,ropa,1,81.09
2025-10-20,Bufanda,accesorios,4,40.84
2025-09-16,Pantalón,ropa,5,19.12
2025-12-12,Zapatos,calzado,3,52.06
2025-09-24,Sandalias,calzado,2,38.42
2025-03-26,Camiseta,ropa,2,98.7
2025-08-10,Chaqueta,ropa,2,18.84
2025-12-08,Bolso,accesorios,3,52.71
2025-01-17,Bufanda,accesorios,2,48.72
2025-02-14,Chaqueta,ropa,4,26.62
2025-01-20,Bolso,accesorios,5,65.3
2025-11-12,Sombrero,accesorios,1,16.82
2025-08-31,Pantalón,ropa,3,14.9
2025-09-08,Chaqueta,ropa,3,37.26
2025-04-17,Sombrero,accesorios,3,31.52
2025-01-25,Sandalias,calzado,3,36.95
2025-06-09,Sandalias,calzado,4,24.98
2025-06-03,Camiseta,ropa,4,46.86
2025-01-24,Zapatos,calzado,4,13.95
2025-03-01,Sombrero,accesorios,2,28.06
2025-06-14,Bufanda,accesorios,4,67.54
2025-12-14,Sombrero,accesorios,2,13.11
2025-12-14,Sombrero,accesorios,5,84.75
2025-01-04,Sandalias,calzado,3,45.38
2025-11-29,Chaqueta,ropa,1,24.29
2025-03-31,Pantalón,ropa,4,65.53
2025-01-22,Bufanda,accesorios,5,92.99
2025-10-19,Pantalón,ropa,4,30.7
2025-04-21,Zapatos,calzado,3,17.72
2025-07-10,Camiseta,ropa,1,94.47
2025-08-05,Sombrero,accesorios,5,73.21
2025-06-13,Sombrero,accesorios,3,93.16
2025-02-25,Pantalón,ropa,4,49.29
2025-11-16,Sombrero,accesorios,2,26.69
2025-10-31,Sandalias,calzado,5,62.32
2025-03-25,Bufanda,accesorios,5,82.46
2025-11-15,Camiseta,ropa,2,47.78
2025-09-27,Zapatos,calzado,5,70.36
2025-08-02,Bolso,accesorios,1,67.86
2025-05-09,Bolso,accesorios,1,46.43
2025-02-21,Pantalón,ropa,2,78.85
2025-05-10,Zapatos,calzado,2,42.92
2025-05-02,Sombrero,accesorios,2,73.15
2025-12-17,Pantalón,ropa,1,14.73
2025-03-06,Bolso,accesorios,5,86.3
2025-09-15,Camiseta,ropa,2,21.6
2025-11-11,Bufanda,accesorios,2,27.46
2025-06-11,Bolso,accesorios,5,13.0
2025-04-29,Camiseta,ropa,3,72.95
2025-08-23,Sombrero,accesorios,2,11.76
2025-08-03,Sombrero,accesorios,2,29.97
2025-08-19,Sombrero,accesorios,3,27.88
2025-08-01,Bufanda,accesorios,2,30.06
2025-11-02,Bolso,accesorios,3,19.84
2025-05-15,Bolso,accesorios,4,10.37
2025-11-26,Zapatos,calzado,5,75.07
2025-11-10,Bufanda,accesorios,3,74.75
2025-07-26,Camiseta,ropa,3,24.83
2025-08-06,Sombrero,accesorios,2,14.21
2025-01-13,Bufanda,accesorios,3,37.15
2025-05-10,Bufanda,accesorios,1,91.74
2025-04-04,Zapatos,calzado,5,98.33
2025-07-31,Bolso,accesorios,4,43.78
2025-10-18,Sandalias,calzado,2,47.75
2025-08-28,Pantalón,ropa,2,27.6
2025-04-17,Bufanda,accesorios,2,64.93
2025-11-03,Chaqueta,ropa,4,46.49
2025-04-03,Zapatos,calzado,1,77.53
2025-08-03,Sombrero,accesorios,2,52.21
2025-02-15,Sandalias,calzado,4,64.46
2025-10-07,Chaqueta,ropa,2,59.32
2025-12-10,Camiseta,ropa,1,47.79
2025-04-19,Sombrero,accesorios,4,77.08
2025-12-14,Pantalón,ropa,1,82.3
2025-03-19,Sandalias,calzado,4,86.48
2025-11-10,Bolso,accesorios,1,66.86
2025-08-25,Bufanda,accesorios,4,92.15
2025-07-17,Camiseta,ropa,2,84.48
2025-03-06,Camiseta,ropa,1,47.09
2025-02-25,Camiseta,ropa,3,14.43
2025-08-16,Sandalias,calzado,5,65.69
2025-02-05,Zapatos,calzado,1,62.78
2025-06-20,Camiseta,ropa,5,20.64
2025-02-11,Pantalón,ropa,3,13.69
2025-09-28,Zapatos,calzado,2,56.36
2025-09-22,Chaqueta,ropa,1,85.2
2025-05-04,Pantalón,ropa,1,24.59
2025-05-17,Sandalias,calzado,1,98.07
2025-07-29,Chaqueta,ropa,5,10.92
2025-11-24,Bufanda,accesorios,3,34.99
2025-09-07,Bufanda,accesorios,1,95.31
2025-03-30,Pantalón,ropa,5,96.83
2025-02-01,Chaqueta,ropa,3,28.62
2025-02-18,Sombrero,accesorios,3,17.69
2025-12-22,Camiseta,ropa,5,73.28
2025-11-06,Zapatos,calzado,4,80.27
2025-12-08,Zapatos,calzado,3,55.66
2025-01-05,Bufanda,accesorios,4,29.4
2025-01-15,Chaqueta,ropa,3,78.19
2025-11-29,Bufanda,accesorios,1,88.85
2025-12-08,Bufanda,accesorios,3,19.34
2025-07-21,Camiseta,ropa,5,42.07
2025-10-29,Sandalias,calzado,2,63.46
2025-03-13,Chaqueta,ropa,5,18.21
2025-07-07,Chaqueta,ropa,4,10.91
2025-08-10,Zapatos,calzado,4,75.99
2025-04-01,Camiseta,ropa,1,83.73
2025-03-14,Bolso,accesorios,3,69.31
2025-05-11,Bolso,accesorios,4,48.35
2025-06-16,Pantalón,ropa,4,76.68
2025-05-08,Zapatos,calzado,3,68.57
2025-09-12,Sombrero,accesorios,3,47.65
2025-07-07,Sandalias,calzado,1,28.01
2025-08-22,Bolso,accesorios,2,58.43
2025-08-26,Pantalón,ropa,5,67.29
2025-01-20,Zapatos,calzado,4,42.89
2025-06-04,Camiseta,ropa,4,34.02
2025-12-20,Camiseta,ropa,1,39.69
2025-06-29,Camiseta,ropa,5,19.33
2025-11-30,Bufanda,accesorios,2,81.21
2025-03-07,Chaqueta,ropa,5,10.42
2025-02-06,Bufanda,accesorios,3,55.94
2025-11-25,Zapatos,calzado,2,43.25
2025-02-10,Pantalón,ropa,3,69.4
2025-10-10,Bolso,accesorios,4,99.76
2025-08-20,Bufanda,accesorios,2,55.29
2025-11-18,Bufanda,accesorios,5,63.66
2025-06-02,Camiseta,ropa,1,44.46
2025-03-13,Pantalón,ropa,2,68.8
2025-02-06,Bufanda,accesorios,4,22.51
2025-05-23,Bolso,accesorios,4,96.01
2025-04-26,Sandalias,calzado,5,97.01
2025-11-01,Zapatos,calzado,4,81.77
2025-10-10,Sombrero,accesorios,3,82.92
2025-09-16,Camiseta,ropa,2,49.64
2025-09-13,Sombrero,accesorios,4,47.46
2025-11-21,Chaqueta,ropa,4,93.94
2025-08-26,Pantalón,ropa,1,30.35
2025-08-28,Camiseta,ropa,2,37.82
2025-07-16,Sandalias,calzado,4,77.77
2025-03-05,Zapatos,calzado,3,93.63
2025-11-15,Bufanda,accesorios,2,25.64
2025-09-29,Pantalón,ropa,2,41.46
2025-03-28,Pantalón,ropa,4,25.89
2025-02-03,Bufanda,accesorios,3,22.32
2025-08-09,Sandalias,calzado,2,88.95
2025-07-31,Bolso,accesorios,1,96.93
2025-09-14,Bolso,accesorios,4,32.96
2025-04-23,Chaqueta,ropa,5,58.98
2025-07-10,Chaqueta,ropa,5,75.96
2025-04-28,Zapatos,calzado,4,54.55
2025-07-15,Sandalias,calzado,3,97.16
2025-03-18,Pantalón,ropa,3,83.37
2025-10-06,Pantalón,ropa,5,32.08
2025-10-04,Bolso,accesorios,1,49.63
2025-07-20,Pantalón,ropa,2,81.53
2025-07-10,Sandalias,calzado,3,48.44
2025-10-12,Chaqueta,ropa,4,72.1
2025-07-30,Bufanda,accesorios,5,15.08
2025-08-28,Bolso,accesorios,1,82.31
2025-09-19,Sandalias,calzado,2,17.73
2025-01-10,Chaqueta,ropa,3,75.04
2025-12-17,Chaqueta,ropa,5,73.58
2025-06-04,Zapatos,calzado,2,57.93
2025-08-03,Bolso,accesorios,4,47.44
2025-07-06,Chaqueta,ropa,4,54.58
2025-06-18,Chaqueta,ropa,2,47.9
2025-09-05,Zapatos,calzado,1,67.52
2025-10-01,Zapatos,calzado,1,92.06
2025-03-23,Sandalias,calzado,4,35.68
2025-04-09,Chaqueta,ropa,3,19.49
2025-08-10,Zapatos,calzado,5,78.79
2025-02-27,Chaqueta,ropa,1,93.41
2025-09-10,Bufanda,accesorios,3,90.31
2025-05-31,Pantalón,ropa,2,60.01
2025-12-14,Bolso,accesorios,2,59.57
2025-12-13,Bufanda,accesorios,3,70.61
2025-11-08,Bolso,accesorios,5,50.12
2025-11-23,Pantalón,ropa,4,43.66
2025-08-11,Zapatos,calzado,4,12.51
2025-11-19,Bufanda,accesorios,4,64.69
2025-05-14,Zapatos,calzado,5,60.26
2025-09-02,Camiseta,ropa,3,66.92
2025-02-16,Bufanda,accesorios,1,58.88
2025-06-28,Zapatos,calzado,1,18.34
2025-02-17,Bufanda,accesorios,1,26.31
2025-08-05,Chaqueta,ropa,4,50.4
2025-01-26,Camiseta,ropa,2,69.97
2025-07-20,Chaqueta,ropa,1,18.0
2025-11-27,Bolso,accesorios,4,87.3
2025-07-03,Bufanda,accesorios,2,26.14
2025-09-29,Zapatos,calzado,5,68.3
2025-10-18,Bufanda,accesorios,1,90.55
2025-06-17,Pantalón,ropa,5,35.4
2025-10-17,Zapatos,calzado,4,37.12
2025-03-16,Chaqueta,ropa,1,58.79
2025-07-13,Bolso,accesorios,2,90.21
2025-01-23,Sandalias,calzado,1,35.36
2025-12-28,Sandalias,calzado,2,58.78
2025-08-26,Bufanda,accesorios,5,55.64
2025-11-06,Chaqueta,ropa,1,52.69
2025-02-06,Zapatos,calzado,4,54.37
2025-09-17,Sombrero,accesorios,3,18.7
2025-06-10,Bufanda,accesorios,1,87.45
2025-03-27,Bufanda,accesorios,4,32.88
2025-01-21,Sombrero,accesorios,3,90.84
2025-06-27,Zapatos,calzado,4,15.12
2025-08-02,Chaqueta,ropa,4,93.29
2025-10-24,Camiseta,ropa,4,61.44
2025-10-20,Sandalias,calzado,3,69.98
2025-06-08,Pantalón,ropa,2,47.9
2025-06-29,Pantalón,ropa,2,91.16
2025-01-02,Pantalón,ropa,1,55.89
2025-04-28,Chaqueta,ropa,3,82.92
2025-12-21,Bolso,accesorios,2,66.35
2025-10-15,Zapatos,calzado,5,65.3
2025-07-17,Pantalón,ropa,1,87.45
2025-02-02,Sombrero,accesorios,5,15.18
2025-07-10,Sombrero,accesorios,4,31.24
2025-02-20,Sandalias,calzado,5,64.6
2025-07-10,Bufanda,accesorios,4,34.81
2025-03-14,Bufanda,accesorios,4,36.05
2025-10-10,Zapatos,calzado,4,38.1
2025-09-27,Sandalias,calzado,4,74.63
2025-03-29,Sandalias,calzado,1,97.29
2025-05-13,Zapatos,calzado,3,90.64
2025-11-27,Chaqueta,ropa,2,54.25
2025-04-24,Camiseta,ropa,3,52.66
2025-06-16,Zapatos,calzado,2,75.47
2025-02-03,Camiseta,ropa,3,73.37
2025-02-20,Bolso,accesorios,2,31.37
2025-04-10,Zapatos,calzado,1,45.53
2025-06-01,Sandalias,calzado,2,49.21
2025-05-16,Pantalón,ropa,2,47.82
2025-02-22,Chaqueta,ropa,4,80.06
2025-02-20,Chaqueta,ropa,2,59.58
2025-04-01,Pantalón,ropa,2,27.23
2025-01-01,Chaqueta,ropa,2,86.53
2025-09-27,Zapatos,calzado,1,69.86
2025-12-22,Sandalias,calzado,5,51.94
2025-01-23,Bufanda,accesorios,4,61.49
2025-09-23,Chaqueta,ropa,2,62.77
2025-08-31,Chaqueta,ropa,3,18.26
2025-08-22,Chaqueta,ropa,2,44.13
2025-12-28,Camiseta,ropa,4,20.48
2025-11-09,Pantalón,ropa,3,83.04
2025-04-18,Bufanda,accesorios,2,18.79
2025-03-13,Zapatos,calzado,4,35.16
2025-02-23,Sombrero,accesorios,4,99.66
2025-03-21,Pantalón,ropa,4,92.18
2025-01-03,Bufanda,accesorios,4,64.02
2025-10-05,Sombrero,accesorios,1,85.13
2025-04-06,Bufanda,accesorios,4,76.42
2025-12-27,Zapatos,calzado,1,86.87
2025-11-12,Sombrero,accesorios,3,87.18
2025-05-09,Bolso,accesorios,3,26.4
2025-11-27,Sandalias,calzado,4,69.53
2025-02-08,Camiseta,ropa,2,46.71
2025-05-04,Pantalón,ropa,4,43.02
2025-02-09,Bolso,accesorios,1,59.43
2025-03-03,Camiseta,ropa,2,93.21
2025-10-14,Sandalias,calzado,2,11.68
2025-09-06,Chaqueta,ropa,4,65.31
2025-03-26,Sombrero,accesorios,5,76.92
2025-06-25,Zapatos,calzado,5,54.93
2025-07-10,Sombrero,accesorios,2,24.06
2025-01-05,Pantalón,ropa,2,58.23
2025-03-15,Pantalón,ropa,4,80.66
2025-10-16,Sandalias,calzado,3,30.75
2025-07-20,Zapatos,calzado,1,69.47
2025-02-06,Pantalón,ropa,2,77.03
2025-04-04,Sombrero,accesorios,1,84.83
2025-12-11,Bufanda,accesorios,2,43.99
2025-04-03,Chaqueta,ropa,1,34.7
2025-04-24,Bolso,accesorios,3,52.85
2025-03-15,Chaqueta,ropa,1,37.9
2025-05-03,Bolso,accesorios,1,24.64
2025-06-26,Pantalón,ropa,2,71.0
2025-07-25,Camiseta,ropa,3,98.01
2025-04-30,Pantalón,ropa,5,34.99
2025-12-22,Chaqueta,ropa,2,89.67
2025-08-21,Chaqueta,ropa,1,42.65
2025-12-28,Camiseta,ropa,4,85.31
2025-06-30,Bolso,accesorios,2,30.48
2025-05-08,Bolso,accesorios,3,98.69
2025-12-14,Sandalias,calzado,3,52.02
2025-02-06,Sandalias,calzado,5,59.34
2025-12-15,Bufanda,accesorios,1,55.33
2025-05-20,Pantalón,ropa,2,39.62
2025-05-04,Chaqueta,ropa,1,62.54
2025-07-27,Zapatos,calzado,2,43.99
2025-11-07,Zapatos,calzado,2,32.97
2025-04-21,Pantalón,ropa,1,60.57
2025-05-21,Zapatos,calzado,4,11.38
2025-11-03,Sandalias,calzado,3,23.91
2025-03-31,Zapatos,calzado,3,24.43
2025-04-17,Sombrero,accesorios,2,30.15
2025-07-22,Camiseta,ropa,1,43.12
2025-05-01,Sandalias,calzado,1,64.02
2025-07-31,Sandalias,calzado,3,92.16
2025-06-14,Chaqueta,ropa,3,86.79
2025-09-08,Camiseta,ropa,3,78.84
2025-04-27,Pantalón,ropa,5,76.84
2025-10-10,Bolso,accesorios,1,19.05
2025-07-29,Zapatos,calzado,1,42.73
2025-01-20,Sandalias,calzado,2,78.97
2025-02-21,Sandalias,calzado,3,87.3
2025-07-20,Chaqueta,ropa,3,39.32
2025-11-11,Bufanda,accesorios,1,44.84
2025-02-02,Sombrero,accesorios,3,91.33
2025-12-03,Bufanda,accesorios,2,51.05
2025-11-20,Camiseta,ropa,5,85.62
2025-11-30,Pantalón,ropa,5,20.77
2025-12-08,Camiseta,ropa,5,83.18
2025-06-03,Camiseta,ropa,4,17.49
2025-08-15,Pantalón,ropa,5,73.0
2025-03-16,Camiseta,ropa,1,39.12
2025-10-19,Camiseta,ropa,5,94.75
2025-02-09,Zapatos,calzado,3,99.95
2025-04-30,Chaqueta,ropa,1,89.54
2025-12-18,Camiseta,ropa,1,90.83
2025-01-22,Sombrero,accesorios,4,23.94
2025-02-26,Pantalón,ropa,3,18.33
2025-05-26,Zapatos,calzado,1,32.03
2025-11-27,Pantalón,ropa,1,49.36
2025-02-08,Sandalias,calzado,1,83.11
2025-07-11,Zapatos,calzado,3,98.84
2025-11-22,Zapatos,calzado,5,26.65
2025-05-15,Pantalón,ropa,4,24.78
2025-11-25,Sandalias,calzado,5,82.97
2025-04-28,Chaqueta,ropa,5,43.31
2025-04-11,Sandalias,calzado,1,32.54
2025-07-26,Bolso,accesorios,3,96.3
2025-03-11,Bolso,accesorios,1,96.1
2025-11-12,Chaqueta,ropa,3,66.36
2025-11-25,Bolso,accesorios,3,64.7
2025-06-17,Camiseta,ropa,5,92.06
2025-02-14,Sandalias,calzado,4,59.07
2025-03-11,Sandalias,calzado,1,13.58
2025-05-23,Zapatos,calzado,4,89.69
2025-11-02,Sandalias,calzado,1,86.76
2025-02-06,Bufanda,accesorios,4,81.74
2025-08-25,Pantalón,ropa,5,74.88
2025-08-28,Camiseta,ropa,5,48.04
2025-10-29,Chaqueta,ropa,4,100.0
2025-12-07,Sandalias,calzado,3,46.97
2025-11-06,Sombrero,accesorios,2,21.66
2025-09-11,Sombrero,accesorios,4,89.93
2025-12-21,Sombrero,accesorios,1,17.59
2025-04-14,Camiseta,ropa,5,85.61
2025-01-19,Camiseta,ropa,5,61.79
2025-06-05,Camiseta,ropa,1,51.81
2025-10-03,Zapatos,calzado,2,35.29
2025-10-24,Zapatos,calzado,1,59.44
2025-08-24,Sandalias,calzado,4,98.85
2025-02-23,Sandalias,calzado,5,86.13
2025-04-16,Zapatos,calzado,2,51.49
2025-10-31,Camiseta,ropa,3,28.35
2025-05-16,Sombrero,accesorios,3,28.54
2025-08-31,Zapatos,calzado,1,39.81
2025-02-06,Camiseta,ropa,5,71.52
2025-10-18,Zapatos,calzado,5,89.67
2025-05-24,Camiseta,ropa,4,66.25
2025-11-16,Sombrero,accesorios,3,30.65
2025-07-11,Sombrero,accesorios,4,62.07
2025-07-05,Camiseta,ropa,1,32.26
2025-01-02,Pantalón,ropa,1,20.98
2025-11-30,Bufanda,accesorios,1,39.55
2025-05-10,Sandalias,calzado,1,20.1
2025-09-05,Bolso,accesorios,1,49.99
2025-03-29,Zapatos,calzado,5,31.08
2025-01-08,Zapatos,calzado,4,10.65
2025-04-17,Pantalón,ropa,5,36.7
2025-01-23,Chaqueta,ropa,5,20.39
2025-10-10,Camiseta,ropa,3,47.65
2025-08-13,Pantalón,ropa,1,65.43
2025-01-31,Pantalón,ropa,4,90.68
2025-02-19,Zapatos,calzado,3,42.19
2025-04-30,Zapatos,calzado,4,25.03
2025-06-25,Sombrero,accesorios,3,44.9
2025-10-30,Pantalón,ropa,4,19.8
2025-10-23,Camiseta,ropa,5,82.72
2025-06-24,Chaqueta,ropa,1,90.9
2025-01-25,Chaqueta,ropa,2,59.19
2025-12-27,Bufanda,accesorios,1,10.97
2025-06-29,Sandalias,calzado,5,34.04
2025-01-14,Sombrero,accesorios,2,58.92
2025-06-28,Camiseta,ropa,5,56.6
2025-08-16,Camiseta,ropa,2,83.06
2025-05-04,Camiseta,ropa,4,38.06
2025-03-24,Camiseta,ropa,2,43.15
2025-04-05,Zapatos,calzado,2,32.64
2025-08-24,Sandalias,calzado,1,50.22
2025-02-20,Pantalón,ropa,2,72.21
2025-08-03,Bolso,accesorios,3,38.66
2025-01-19,Camiseta,ropa,4,20.47
2025-09-25,Chaqueta,ropa,1,93.76
2025-03-08,Sandalias,calzado,2,67.82
2025-01-22,Zapatos,calzado,1,31.02
2025-02-09,Pantalón,ropa,1,72.32
2025-03-22,Chaqueta,ropa,1,74.66
2025-10-02,Sandalias,calzado,4,74.19
2025-01-27,Bolso,accesorios,5,39.71
2025-04-04,Chaqueta,ropa,2,76.93
2025-03-06,Chaqueta,ropa,3,43.37
2025-01-27,Zapatos,calzado,1,23.95
2025-11-22,Sandalias,calzado,3,87.72
2025-06-10,Camiseta,ropa,5,69.98
2025-11-19,Bufanda,accesorios,5,61.38
2025-10-15,Sombrero,accesorios,1,30.75
2025-05-15,Zapatos,calzado,2,22.43
2025-07-16,Pantalón,ropa,1,94.85
2025-11-08,Bolso,accesorios,4,96.15
2025-03-02,Sombrero,accesorios,2,92.2
2025-05-08,Bolso,accesorios,2,95.28
2025-11-21,Sombrero,accesorios,5,72.54
2025-06-03,Chaqueta,ropa,1,16.87
2025-10-30,Sombrero,accesorios,1,76.19
2025-04-04,Sandalias,calzado,3,85.28
2025-08-23,Bolso,accesorios,3,48.65
2025-09-02,Chaqueta,ropa,4,25.34
2025-10-30,Bufanda,accesorios,4,42.55
2025-12-27,Zapatos,calzado,4,43.66
2025-04-29,Sandalias,calzado,4,77.7
2025-05-25,Pantalón,ropa,1,67.1
2025-02-02,Bolso,accesorios,2,59.11
2025-01-21,Sandalias,calzado,5,65.02
2025-12-03,Chaqueta,ropa,5,99.79
2025-05-09,Sombrero,accesorios,1,93.83
2025-12-24,Chaqueta,ropa,4,54.36
2025-06-10,Zapatos,calzado,1,85.1
2025-09-27,Camiseta,ropa,3,91.95
2025-09-13,Zapatos,calzado,5,68.72
2025-01-13,Pantalón,ropa,4,88.65
2025-09-16,Sandalias,calzado,4,65.75
2025-11-22,Chaqueta,ropa,5,75.66
2025-07-28,Bolso,accesorios,4,24.79
2025-10-01,Sandalias,calzado,3,12.79
2025-04-12,Sandalias,calzado,5,32.64
2025-03-04,Camiseta,ropa,1,78.37
2025-09-11,Sandalias,calzado,5,10.01
2025-10-09,Camiseta,ropa,3,43.31
2025-01-22,Zapatos,calzado,1,47.69
2025-11-21,Sombrero,accesorios,1,56.58
2025-11-30,Bolso,accesorios,5,88.33
2025-10-26,Sombrero,accesorios,2,29.11
2025-10-06,Bolso,accesorios,4,16.07
2025-01-18,Zapatos,calzado,2,99.81
2025-06-25,Zapatos,calzado,4,15.8
2025-09-11,Bufanda,accesorios,4,32.2
2025-11-14,Camiseta,ropa,3,71.03
2025-07-07,Bolso,accesorios,3,60.34
2025-04-21,Camiseta,ropa,4,79.92
2025-04-04,Bolso,accesorios,3,21.3
2025-07-03,Zapatos,calzado,2,59.19
2025-05-18,Camiseta,ropa,4,44.09
2025-04-23,Sombrero,accesorios,3,65.93
2025-02-06,Zapatos,calzado,2,84.59
2025-03-07,Chaqueta,ropa,4,81.05
2025-04-11,Bufanda,accesorios,1,12.67
2025-05-18,Sandalias,calzado,5,26.56
2025-08-26,Sandalias,calzado,1,90.45
2025-09-26,Bufanda,accesorios,2,55.22
2025-09-20,Zapatos,calzado,5,69.4
2025-08-12,Zapatos,calzado,5,50.33
2025-02-21,Camiseta,ropa,1,40.45
2025-07-21,Zapatos,calzado,2,67.24
2025-10-09,Bufanda,accesorios,1,80.02
2025-03-26,Chaqueta,ropa,2,88.64
2025-03-07,Sandalias,calzado,3,25.61
2025-01-01,Pantalón,ropa,5,74.05
2025-07-23,Camiseta,ropa,5,59.7
2025-09-05,Pantalón,ropa,4,43.18
2025-06-29,Chaqueta,ropa,5,85.22
2025-12-05,Sombrero,accesorios,3,61.95
2025-10-19,Chaqueta,ropa,4,50.14
2025-02-22,Bolso,accesorios,2,54.84
2025-11-08,Bolso,accesorios,4,19.0
2025-09-19,Pantalón,ropa,2,13.27
2025-01-10,Sombrero,accesorios,5,46.36
2025-12-01,Sandalias,calzado,4,21.34
2025-03-13,Pantalón,ropa,3,64.1
2025-05-28,Sombrero,accesorios,3,61.77
2025-08-23,Sandalias,calzado,1,59.75
2025-06-12,Camiseta,ropa,5,18.03
2025-08-18,Chaqueta,ropa,2,56.52
2025-04-09,Camiseta,ropa,1,33.09
2025-06-22,Bolso,accesorios,1,83.1
2025-10-05,Bufanda,accesorios,1,42.37
2025-05-15,Sandalias,calzado,2,86.74
2025-02-09,Chaqueta,ropa,1,31.28
2025-03-01,Pantalón,ropa,3,62.6
2025-10-24,Bufanda,accesorios,2,61.27
2025-01-02,Zapatos,calzado,2,44.51
2025-06-09,Zapatos,calzado,5,47.17
2025-06-29,Bufanda,accesorios,3,77.66
2025-07-26,Zapatos,calzado,3,97.43
2025-08-15,Sandalias,calzado,2,48.31
2025-10-16,Camiseta,ropa,1,11.12
2025-12-16,Chaqueta,ropa,5,67.32
2025-09-30,Sombrero,accesorios,3,89.79
2025-05-19,Zapatos,calzado,4,77.26
2025-01-05,Zapatos,calzado,1,36.69
2025-06-30,Bufanda,accesorios,1,39.0
2025-11-11,Sandalias,calzado,4,75.37
2025-07-09,Sombrero,accesorios,1,46.39
2025-01-26,Bufanda,accesorios,3,12.74
2025-03-03,Sombrero,accesorios,1,88.5
2025-07-22,Bufanda,accesorios,1,15.58
2025-10-09,Pantalón,ropa,3,87.77
2025-02-12,Bufanda,accesorios,5,16.29
2025-03-21,Camiseta,ropa,4,48.53
2025-05-03,Bolso,accesorios,3,29.03
2025-11-23,Bufanda,accesorios,3,87.38
2025-02-11,Bolso,accesorios,3,22.39
2025-07-02,Chaqueta,ropa,1,51.07
2025-09-18,Bufanda,accesorios,1,27.91
2025-11-05,Bolso,accesorios,4,40.85
2025-04-23,Pantalón,ropa,3,23.46
2025-03-05,Chaqueta,ropa,2,15.87
2025-04-03,Sandalias,calzado,3,58.04
2025-12-12,Chaqueta,ropa,3,24.16
2025-09-25,Sombrero,accesorios,4,96.08
2025-11-30,Bufanda,accesorios,3,23.79
2025-04-10,Sombrero,accesorios,5,49.61
2025-08-09,Pantalón,ropa,1,51.04
2025-12-04,Camiseta,ropa,3,50.89
2025-10-15,Sombrero,accesorios,3,59.95
2025-02-22,Chaqueta,ropa,5,59.67
2025-05-07,Sandalias,calzado,3,70.81
2025-03-26,Pantalón,ropa,4,68.22
2025-10-18,Sombrero,accesorios,4,89.52
2025-02-27,Bufanda,accesorios,4,35.4
2025-08-07,Zapatos,calzado,5,64.92
2025-03-08,Bolso,accesorios,2,66.11
2025-11-12,Bufanda,accesorios,3,76.53
2025-07-22,Camiseta,ropa,4,62.9
2025-09-17,Bufanda,accesorios,5,55.76
2025-12-27,Bufanda,accesorios,1,22.12
2025-01-31,Sandalias,calzado,2,68.55
2025-04-05,Sombrero,accesorios,5,98.04
2025-03-25,Sandalias,calzado,2,53.96
2025-10-18,Sombrero,accesorios,4,39.6
2025-09-03,Bufanda,accesorios,3,21.61
2025-10-10,Camiseta,ropa,3,29.95
2025-10-27,Bolso,accesorios,1,65.38
2025-11-19,Bolso,accesorios,4,16.87
2025-12-23,Bolso,accesorios,2,95.9
2025-10-08,Sandalias,calzado,4,21.97
2025-07-20,Zapatos,calzado,2,50.14
2025-03-28,Bolso,accesorios,3,19.87
2025-12-02,Sombrero,accesorios,4,77.06
2025-06-12,Bolso,accesorios,3,80.58
2025-06-26,Sombrero,accesorios,2,91.98
2025-11-07,Sombrero,accesorios,3,59.9
2025-11-04,Zapatos,calzado,1,51.14
2025-07-28,Chaqueta,ropa,4,26.04
2025-02-22,Bolso,accesorios,3,90.26
2025-06-17,Zapatos,calzado,2,39.64
2025-05-13,Zapatos,calzado,3,56.74
2025-11-02,Zapatos,calzado,1,81.56
2025-04-03,Zapatos,calzado,4,96.05
2025-06-24,Zapatos,calzado,1,74.31
2025-03-10,Bolso,accesorios,5,58.96
2025-07-09,Sombrero,accesorios,3,85.09
2025-12-05,Sombrero,accesorios,1,51.47
2025-08-25,Sombrero,accesorios,2,66.9
2025-09-19,Bufanda,accesorios,3,15.07
2025-03-15,Pantalón,ropa,1,42.24
2025-05-12,Bufanda,accesorios,5,10.88
2025-06-25,Chaqueta,ropa,4,63.98
2025-10-11,Chaqueta,ropa,1,85.37
2025-01-10,Bolso,accesorios,5,95.84
2025-09-05,Zapatos,calzado,2,25.46
2025-10-08,Camiseta,ropa,2,78.41
2025-08-18,Sombrero,accesorios,5,48.5
2025-02-17,Zapatos,calzado,4,79.95
2025-11-19,Zapatos,calzado,4,50.67
2025-07-25,Sombrero,accesorios,3,38.76
2025-12-11,Bufanda,accesorios,2,46.81
2025-04-17,Chaqueta,ropa,2,45.52
2025-11-17,Zapatos,calzado,3,17.45
2025-08-26,Sandalias,calzado,4,86.59
2025-03-12,Sombrero,accesorios,5,68.63
2025-12-02,Zapatos,calzado,2,70.87
2025-05-02,Bufanda,accesorios,3,45.92
2025-11-02,Sombrero,accesorios,3,70.08
2025-05-04,Zapatos,calzado,5,58.81
2025-02-02,Camiseta,ropa,5,15.8
2025-08-21,Pantalón,ropa,4,54.16
2025-07-01,Chaqueta,ropa,4,37.1
2025-11-10,Chaqueta,ropa,2,29.59
2025-08-25,Bolso,accesorios,2,71.29
2025-02-08,Pantalón,ropa,3,84.87
2025-04-30,Sandalias,calzado,2,90.72
2025-02-18,Pantalón,ropa,1,52.34
2025-11-27,Sombrero,accesorios,1,80.3
2025-02-02,Camiseta,ropa,3,39.36
2025-05-24,Chaqueta,ropa,2,54.09
2025-05-26,Pantalón,ropa,4,44.38
2025-01-21,Bufanda,accesorios,3,86.53
2025-07-11,Chaqueta,ropa,2,65.45
2025-04-08,Pantalón,ropa,1,98.83
2025-12-11,Bufanda,accesorios,4,24.6
2025-08-20,Bolso,accesorios,2,33.98
2025-08-12,Chaqueta,ropa,3,87.26
2025-02-18,Chaqueta,ropa,3,19.04
2025-12-20,Chaqueta,ropa,1,83.22
2025-02-25,Bufanda,accesorios,1,51.17
2025-12-27,Pantalón,ropa,4,11.35
2025-01-12,Camiseta,ropa,3,92.95
2025-04-24,Bufanda,accesorios,2,41.41
2025-05-11,Camiseta,ropa,2,62.76
2025-12-14,Pantalón,ropa,1,66.86
2025-11-05,Zapatos,calzado,4,20.06
2025-09-08,Pantalón,ropa,2,78.72
2025-05-19,Sombrero,accesorios,1,99.57
2025-10-07,Pantalón,ropa,4,59.58
2025-06-10,Camiseta,ropa,5,16.05
2025-01-18,Pantalón,ropa,4,40.11
2025-03-28,Bolso,accesorios,2,37.85
2025-11-05,Pantalón,ropa,5,38.9
2025-08-10,Zapatos,calzado,2,15.15
2025-08-30,Sandalias,calzado,4,12.73
2025-10-07,Sombrero,accesorios,5,77.92
2025-05-15,Zapatos,calzado,1,89.6
2025-08-31,Sandalias,calzado,4,36.38
2025-06-07,Pantalón,ropa,1,26.69
2025-12-14,Camiseta,ropa,5,52.47
2025-12-09,Sandalias,calzado,3,95.91
2025-05-16,Pantalón,ropa,1,95.88
2025-05-14,Sombrero,accesorios,3,21.3
2025-03-13,Bufanda,accesorios,3,53.51
2025-08-16,Zapatos,calzado,4,88.52
2025-04-24,Bufanda,accesorios,4,86.85
2025-11-02,Zapatos,calzado,2,57.33
2025-07-08,Bufanda,accesorios,4,73.44
2025-02-12,Bolso,accesorios,1,17.94
2025-05-06,Camiseta,ropa,3,72.74
2025-05-13,Bolso,accesorios,2,99.14
2025-06-18,Bolso,accesorios,5,72.23
2025-12-14,Camiseta,ropa,5,42.43
2025-03-09,Pantalón,ropa,2,73.0
2025-06-03,Camiseta,ropa,3,44.25
2025-03-06,Bufanda,accesorios,3,30.84
2025-10-15,Bolso,accesorios,4,18.76
2025-08-26,Zapatos,calzado,5,83.56
2025-07-11,Camiseta,ropa,4,92.75
2025-03-28,Chaqueta,ropa,4,98.3
2025-09-19,Pantalón,ropa,1,89.25
2025-02-25,Bufanda,accesorios,4,27.76
2025-02-07,Bufanda,accesorios,4,68.64
2025-11-21,Camiseta,ropa,4,55.06
2025-12-04,Sombrero,accesorios,2,29.75
2025-12-14,Bufanda,accesorios,3,41.13
2025-08-22,Bufanda,accesorios,3,51.49
2025-06-19,Sombrero,accesorios,1,92.68
2025-03-22,Pantalón,ropa,1,42.49
2025-04-03,Chaqueta,ropa,1,24.86
